title,price,tikinow,freeship,reviews,product_id,link,rating_value,image url,badge under price,discount percentage,installment,free gifts,dis_percentage
"AdMáy Tính Bảng Samsung Galaxy Tab A8 8"" T295 - Hàng Chính Hãng",2990000,Yes,No,407,4697664984478,https://tiki.vn/may-tinh-bang-samsung-galaxy-tab-a8-8-t295-2019-hang-chinh-hang-p21464946.html?src=ss-ads,0,https://salt.tikicdn.com/cache/280x280/ts/product/89/1f/90/e1bb55a8b8f67780fbb53fae09e0812d.jpg,No,,No,No,19
Điện Thoại Realme C11 (2GB/32GB) - Hàng Chính Hãng,2150000,Yes,No,146,2480990721662,https://tiki.vn/dien-thoai-realme-c11-2gb-32gb-hang-chinh-hang-p58065346.html?src=ss-organic,0,https://salt.tikicdn.com/cache/280x280/ts/product/c5/a1/cd/b9f3e343440b02c54f95a9034990e0d5.jpg,No,,No,No,20
Điện Thoại iPhone 12 Pro Max 128GB - Hàng Chính Hãng,29500000,Yes,Yes,460,4421079290455,https://tiki.vn/dien-thoai-iphone-12-pro-max-128gb-hang-chinh-hang-p70771651.html?src=ss-organic,5,https://salt.tikicdn.com/ts/upload/f3/74/46/f4c52053d220e94a047410420eaf9faf.png,No,,Yes,No,13
Điện Thoại Vsmart Live 4 (6GB/64GB) - Hàng Chính Hãng,3685000,No,No,9,4745871976639,https://tiki.vn/dien-thoai-vsmart-live-4-hang-chinh-hang-p63839533.html?src=ss-organic,5,https://salt.tikicdn.com/cache/280x280/ts/product/cd/92/da/3360d9dcb541dd5d2aaa59ae0ad6b1c5.jpg,No,,No,No,23
AdĐiện Thoại Samsung Galaxy A52 (8GB/128GB) - Hàng Chính Hãng,8790000,Yes,No,0,7387666772052,https://tiki.vn/dien-thoai-samsung-galaxy-a52-8gb-128gb-hang-chinh-hang-p83368040.html?src=ss-ads,0,https://salt.tikicdn.com/cache/280x280/ts/product/c3/0c/fa/94ce691c46a9f8475e98a97b160043d2.jpg,No,,Yes,No,5
Điện Thoại Oppo A12 (3GB/32GB) - Hàng Chính Hãng,2390000,Yes,No,205,8020626062208,https://tiki.vn/dien-thoai-oppo-a12-3gb-32gb-hang-chinh-hang-xanh-duong-p53827214.html?src=ss-organic,0,https://salt.tikicdn.com/cache/280x280/ts/product/54/1b/6a/e9dc08e1a4e6eb6439442b2df5150aeb.jpg,Yes,,No,No,20
Điện Thoại Samsung Galaxy M31 (6GB/128GB) - Hàng Chính Hãng,4790000,Yes,No,1796,9643084252296,https://tiki.vn/dien-thoai-samsung-galaxy-m31-6gb-128gb-hang-chinh-hang-p58259141.html?src=ss-organic,0,https://salt.tikicdn.com/cache/280x280/ts/product/50/86/f1/8c08d595e64661d3d0d9438ca2194de3.jpg,Yes,,Yes,No,26
Điện Thoại iPhone 12 Pro 128GB - Hàng Chính Hãng,26990000,Yes,Yes,199,7862416917555,https://tiki.vn/dien-thoai-iphone-12-pro-128gb-hang-chinh-hang-p71198345.html?src=ss-organic,5,https://salt.tikicdn.com/ts/upload/f3/74/46/f4c52053d220e94a047410420eaf9faf.png,No,,Yes,No,13
AdMáy Tính Bảng Samsung Galaxy Tab S7 Wifi T870 (6GB/128GB) - Hàng Chính Hãng,14450000,Yes,No,50,3406905857681,https://tiki.vn/may-tinh-bang-samsung-galaxy-tab-s7-wifi-t870-6gb-128gb-hang-chinh-hang-p83492084.html?src=ss-ads,5,https://salt.tikicdn.com/cache/280x280/ts/product/23/fb/2b/111e4d1c36ec7094cbfb9ea5e0334992.jpg,No,,Yes,No,4
Điện Thoại Samsung Galaxy M11 (3GB/32GB) - Hàng Chính Hãng,2750000,Yes,No,1036,7819888909403,https://tiki.vn/dien-thoai-samsung-galaxy-m11-3gb-32gb-hang-chinh-hang-p52717588.html?spid=52717590&src=ss-organic,0,https://salt.tikicdn.com/cache/280x280/ts/product/9a/d8/a2/ee6fd1f6a847e1d234c46eb5666cb129.jpg,Yes,,No,No,25
Điện Thoại Samsung Galaxy A51 (6GB/128GB) - Hàng Chính Hãng,5690000,Yes,No,317,3256596765237,https://tiki.vn/dien-thoai-samsung-galaxy-a51-128gb-6gb-hang-chinh-hang-p45339109.html?spid=45339111&src=ss-organic,0,https://salt.tikicdn.com/cache/280x280/ts/product/8b/0f/1c/5869b6fd18e751f3f793b35e3a0dc0fd.jpg,No,,Yes,No,29
Điện Thoại Xiaomi Redmi Note 10 (4GB/64GB) - Hàng Chính Hãng,4050000,Yes,No,3,1833626471109,https://tiki.vn/dien-thoai-xiaomi-redmi-note-10-4gb-64gb-hang-chinh-hang-p85042408.html?src=ss-organic,0,https://salt.tikicdn.com/cache/280x280/ts/product/08/52/3b/f1654b16b82e9a6a9d31a900489a49db.jpg,No,,No,No,14
AdMáy tính bảng Vankyo MatrixPad S20 - Hàng Chính Hãng,3490000,No,No,7,1844276039857,https://tiki.vn/may-tinh-bang-vankyo-matrixpad-s20-hang-chinh-hang-p72042076.html?spid=72042077&src=ss-ads,0,https://salt.tikicdn.com/cache/280x280/ts/product/83/1d/47/b6ee30f0007f9d8813b8abaa0f101dd8.jpg,No,,No,No,34
 Điện thoại Xiaomi Poco X3 Pro 6GB l 128GB - Hàng chính hãng,5790000,Yes,No,29,1919298990071,https://tiki.vn/dien-thoai-xiaomi-poco-x3-pro-6gb-l-128gb-hang-chinh-hang-p88100602.html?src=ss-organic,5,https://salt.tikicdn.com/cache/280x280/ts/product/ac/eb/0e/e44e0241361f7c275bd55e4d9dee77fd.jpg,No,,Yes,No,17
Điện Thoại iPhone 11 64GB  - Hàng  Chính Hãng,16090000,Yes,No,639,5679549432792,https://tiki.vn/dien-thoai-iphone-11-64gb-hang-chinh-hang-p32033717.html?src=ss-organic,0,https://salt.tikicdn.com/cache/280x280/ts/product/84/3d/55/7bb112f36cd07f712d461e386e74e3d5.jpg,No,,Yes,No,27
Điện Thoại Vsmart Joy 4 - Hàng Chính Hãng,2790000,Yes,No,1512,8122405513717,https://tiki.vn/dien-thoai-vsmart-joy-4-hang-chinh-hang-p67910637.html?src=ss-organic,0,https://salt.tikicdn.com/cache/280x280/ts/product/52/db/ed/250ed1f223e0711ac9f3ea93ade7074d.jpg,No,,No,No,15
AdMáy tính bảng Kindle Fire HD8 Plus 2020 - Ram 3Gb - 32Gb - Hàng nhập khẩu,2550000,No,No,6,8128713384025,https://tiki.vn/may-tinh-bang-kindle-fire-hd8-plus-2020-ram-3gb-32gb-hang-nhap-khau-p67087279.html?spid=67243939&src=ss-ads,5,https://salt.tikicdn.com/cache/280x280/ts/product/63/77/64/da9b9ea9ff163c50693c85751ee4ec92.jpg,No,,No,No,20
Điện thoại Xiaomi POCO X3 PRO - Hàng Chính Hãng,5590000,Yes,No,18,7412180244997,https://tiki.vn/dien-thoai-xiaomi-poco-x3-pro-hang-chinh-hang-p87645053.html?src=ss-organic,5,https://salt.tikicdn.com/cache/280x280/ts/product/db/a7/f9/78f0124d5467de64117759acf70c3f26.jpg,No,,No,No,20
Điện Thoại iPhone 12 Pro Max 256GB - Hàng Chính Hãng,31990000,Yes,Yes,412,2572996404776,https://tiki.vn/dien-thoai-iphone-12-pro-max-256gb-hang-chinh-hang-p71197117.html?src=ss-organic,5,https://salt.tikicdn.com/ts/upload/f3/74/46/f4c52053d220e94a047410420eaf9faf.png,No,,Yes,No,16
Điện Thoại Nokia 105 Dual Sim (2019) - Hàng Chính Hãng,346000,No,No,3,8412217056145,https://tiki.vn/dien-thoai-nokia-105-dual-sim-2019-hang-chinh-hang-p25730627.html?src=ss-organic,5,https://salt.tikicdn.com/cache/280x280/ts/product/a5/1b/4b/925051cd75d938700de042def6dd3428.jpg,No,,No,No,4
"AdMáy Tính Bảng Samsung Galaxy Tab A8 8"" T295 - Đã Kích Hoạt Bảo Hành - Hàng Chính Hãng",2990000,Yes,Yes,16,2148779508568,https://tiki.vn/may-tinh-bang-samsung-galaxy-tab-a8-8-t295-2019-da-kich-hoat-bao-hanh-hang-chinh-hang-p23258088.html?spid=34114028&src=ss-ads,0,https://salt.tikicdn.com/ts/upload/f3/74/46/f4c52053d220e94a047410420eaf9faf.png,No,,No,No,19
Điện Thoại Nokia 105 Single Sim - Hàng Chính Hãng,333000,No,No,5,1449840197082,https://tiki.vn/dien-thoai-nokia-105-single-sim-2019-hang-chinh-hang-p34942696.html?src=ss-organic,0,https://salt.tikicdn.com/cache/280x280/ts/product/a9/2c/c6/40228339d1640d0db7af7f4be95d4bde.jpg,No,,No,No,8
Điện thoại Xiaomi Redmi 9A (2GB/32GB) - Hàng chính hãng,1939000,No,Yes,55,2844074317873,https://tiki.vn/dien-thoai-xiaomi-redmi-9a-2gb-32gb-hang-chinh-hang-p57809866.html?src=ss-organic,0,https://salt.tikicdn.com/ts/upload/f3/74/46/f4c52053d220e94a047410420eaf9faf.png,No,,No,No,3
Điện thoại Xiaomi POCO M3 - HÀNG CHÍNH HÃNG,3190000,Yes,No,378,2216821904596,https://tiki.vn/dien-thoai-xiaomi-poco-m3-hang-chinh-hang-p74240829.html?src=ss-organic,0,https://salt.tikicdn.com/cache/280x280/ts/product/2e/d6/ce/c7e31506ec9cf5969edd8b064679cb76.png,No,,Yes,No,20
AdMáy đọc sách All New Kindle Bản đặc biệt 8GB - Hàng nhập khẩu,2209000,Yes,No,16,4411205385209,https://tiki.vn/may-doc-sach-all-new-kindle-ban-dac-biet-8gb-hang-nhap-khau-p66773643.html?src=ss-ads,0,https://salt.tikicdn.com/cache/280x280/ts/product/8b/d5/ff/8b8ab913d1f347396e5bfcb0fc336b74.jpg,Yes,,No,No,31
Điện Thoại Nokia 3.4 - Hàng Chính Hãng,2190000,Yes,No,87,1395725644639,https://tiki.vn/dien-thoai-nokia-3-4-hang-chinh-hang-p73510754.html?src=ss-organic,0,https://salt.tikicdn.com/cache/280x280/ts/product/48/22/7c/0ddf107a81ccf15f9e2d27ba67e25d6b.jpg,Yes,,No,No,41
Điện Thoại Samsung Galaxy S21 Ultra 5G (12GB/128GB) - Hàng Chính Hãng,21690000,Yes,No,56,2473439871332,https://tiki.vn/dien-thoai-samsung-galaxy-s21-ultra-hang-chinh-hang-p74810915.html?src=ss-organic,0,https://salt.tikicdn.com/cache/280x280/ts/product/1f/0a/5a/a9caf9bd46152c0c18b767a9243d84c8.jpg,No,,Yes,No,30
Điện Thoại iPhone 11 128GB - Hàng Chính Hãng,17600000,Yes,No,373,9615466832730,https://tiki.vn/dien-thoai-iphone-11-128gb-hang-chinh-hang-p32033730.html?src=ss-organic,0,https://salt.tikicdn.com/cache/280x280/ts/product/84/3d/55/53c0c62337b5611f3c370cbaa74df15b.jpg,No,,Yes,No,27
AdĐiện Thoại Nokia 215 4G - Hàng Chính Hãng,640000,No,No,2,2691759979859,https://tiki.vn/dien-thoai-nokia-215-4g-hang-chinh-hang-p72882726.html?spid=92567849&src=ss-ads,0,https://salt.tikicdn.com/cache/280x280/ts/product/82/75/da/c8fdc7c380d4fb2e29c5e1c95195bb27.jpg,Yes,,No,No,15
Điện Thoại iPhone 12 Pro 256GB - Hàng Chính Hãng,28990000,Yes,Yes,97,6089307707366,https://tiki.vn/dien-thoai-iphone-12-pro-256gb-hang-chinh-hang-p71198812.html?src=ss-organic,0,https://salt.tikicdn.com/ts/upload/f3/74/46/f4c52053d220e94a047410420eaf9faf.png,No,,Yes,No,17
Điện Thoại Xiaomi Redmi Note 10 (6GB/128GB) - Hàng Chính Hãng,4690000,Yes,No,37,1015240526914,https://tiki.vn/dien-thoai-xiaomi-redmi-note-10-6gb-128gb-hang-chinh-hang-p84709895.html?src=ss-organic,0,https://salt.tikicdn.com/cache/280x280/ts/product/08/52/3b/f31fe2b6ff847dcde2e1080c6dbd37ff.jpg,No,,No,No,15
iPad Air 10.9 Wi-Fi 64GB New 2020 - Hàng Chính Hãng,14950000,Yes,No,133,8853478446366,https://tiki.vn/ipad-air-10-9-wi-fi-64gb-new-2020-hang-chinh-hang-p68171118.html?src=ss-organic,0,https://salt.tikicdn.com/cache/280x280/ts/product/e4/75/d1/03f761ba119302bdc46aa2635c0938bb.jpg,No,,Yes,No,17
"AdMáy đọc sách Kobo Clara HD 8GB đen, 6 inch, có đèn cam - Hàng nhập khẩu",3245000,No,No,4,2956945853043,https://tiki.vn/may-doc-sach-kobo-clara-8gb-den-6-inch-co-den-cam-hang-nhap-khau-p72290345.html?spid=77874198&src=ss-ads,5,https://salt.tikicdn.com/cache/280x280/ts/product/f0/04/a4/8daf08244f9766c75ece956b9edcb0b9.png,No,,No,No,35
Điện Thoại iPhone 12 64GB - Hàng  Chính Hãng,20450000,Yes,Yes,185,1139201322815,https://tiki.vn/dien-thoai-iphone-12-hang-chinh-hang-p70766415.html?src=ss-organic,0,https://salt.tikicdn.com/ts/upload/f3/74/46/f4c52053d220e94a047410420eaf9faf.png,No,,Yes,No,18
Điện Thoại Oppo A93 2020 (8GB/128GB) - Hàng Chính Hãng,5490000,Yes,No,111,3403549630092,https://tiki.vn/dien-thoai-oppo-a93-2020-8gb-128gb-hang-chinh-hang-p68596326.html?src=ss-organic,0,https://salt.tikicdn.com/cache/280x280/ts/product/9f/e7/2e/c8d7c6fad742cf1a15f1b6b34e59fd2b.jpg,Yes,,Yes,No,27
Điện Thoại Samsung Galaxy S21 Plus 5G (8GB/128GB) - Hàng Chính Hãng,19990000,Yes,No,68,9446425520937,https://tiki.vn/dien-thoai-samsung-galaxy-s21-plus-hang-chinh-hang-p74750613.html?src=ss-organic,0,https://salt.tikicdn.com/cache/280x280/ts/product/80/d2/4e/2a3d3c210d3938449b0a08c2cd70510b.jpg,No,,Yes,No,23
AdMáy Đọc Sách Kindle Fire HD 10 (Đen) - Hàng Nhập Khẩu,3200000,No,No,7,8075882681342,https://tiki.vn/may-doc-sach-kindle-fire-hd-10-den-hang-nhap-khau-p2119907.html?spid=18005849&src=ss-ads,0,https://salt.tikicdn.com/cache/280x280/ts/product/27/db/8c/1dabc79561a94b328d6c445cf437bc27.jpg,Yes,,No,No,16
Điện Thoại iPhone 12 Mini 64GB - Hàng Chính Hãng,16950000,Yes,Yes,85,1986302284708,https://tiki.vn/dien-thoai-iphone-12-mini-64gb-hang-chinh-hang-p71201117.html?src=ss-organic,0,https://salt.tikicdn.com/ts/upload/f3/74/46/f4c52053d220e94a047410420eaf9faf.png,No,,Yes,No,23
Điện Thoại Vsmart Star 5 (3GB/32GB) - Hàng Chính Hãng,2290000,Yes,No,26,7793260870457,https://tiki.vn/dien-thoai-vsmart-star-5-3gb-32gb-hang-chinh-hang-p85255906.html?src=ss-organic,0,https://salt.tikicdn.com/cache/280x280/ts/product/67/49/ef/f6ac7c4c1d3f40a0111e81d0b08d5acc.jpg,No,,No,No,15
Máy đọc sách Kindle Oasis 3 (2019) - Amazon - Hàng nhập khẩu,6788000,No,No,9,4067640878754,https://tiki.vn/may-doc-sach-kindle-oasis-3-2019-amazon-hang-nhap-khau-p43924153.html?src=ss-organic,5,https://salt.tikicdn.com/cache/280x280/ts/product/93/b9/e5/0fd5b3441b6567eb7f2c306ca821670a.jpg,No,,Yes,No,17
AdMáy tính bảng Kindle Fire HD8 Model 2020 - 32GB - Hàng nhập khẩu,2180000,No,No,7,1881039076124,https://tiki.vn/may-tinh-bang-kindle-fire-hd8-model-2020-32gb-hang-nhap-khau-p67085908.html?spid=67085910&src=ss-ads,0,https://salt.tikicdn.com/cache/280x280/ts/product/e9/20/d4/6d20dfbd10ec451819a11be7fdae63ca.jpg,No,,No,No,27
Điện Thoại Samsung Galaxy A02s (4GB/64GB) -  ĐÃ KÍCH HOẠT BẢO HÀNH ĐIỆN TỬ - Hàng Chính Hãng,2990000,Yes,No,5,4056329092075,https://tiki.vn/dien-thoai-samsung-galaxy-a02s-4gb-64gb-da-kich-hoat-bao-hanh-dien-tu-hang-chinh-hang-p75321775.html?src=ss-organic,5,https://salt.tikicdn.com/cache/280x280/ts/product/d2/ac/f1/faa628d0b653e06324d7c74a14b1bf02.jpg,No,,No,No,29
Máy Tính Bảng Samsung Galaxy Tab S7 Plus T975 (6GB/128GB) - ĐÃ KÍCH HOẠT BẢO HÀNH ĐIỆN TỬ - Hàng Chính Hãng,16990000,Yes,No,16,5932297023426,https://tiki.vn/may-tinh-bang-samsung-galaxy-tab-s7-plus-t975-6gb-128gb-da-kich-hoat-bao-hanh-dien-tu-hang-chinh-hang-p87150845.html?src=ss-organic,5,https://salt.tikicdn.com/cache/280x280/ts/product/55/37/ae/e4965a029fc2f485b4e2566bbf6f7c87.jpg,Yes,,Yes,No,29
Điện Thoại Samsung Galaxy A10s (2GB/32GB) - Hàng Chính Hãng,2350000,Yes,No,342,6948945463990,https://tiki.vn/dien-thoai-samsung-galaxy-a10s-32gb-2gb-hang-chinh-hang-p25918805.html?src=ss-organic,0,https://salt.tikicdn.com/cache/280x280/ts/product/d7/84/2e/cb10342d637fe64e335dbd27f4f1700c.jpg,No,,No,No,36
"AdĐiện thoại Forme Duos 1900, màn hình 2.8inch, pin 1900mAh, font chữ lớn - Phân phối chính hãng",310000,No,No,16,9618304762077,https://tiki.vn/dien-thoai-forme-duos-1900-man-hinh-2-8inch-pin-1900mah-font-chu-lon-phan-phoi-chinh-hang-p47994410.html?spid=47994412&src=ss-ads,0,https://salt.tikicdn.com/cache/280x280/ts/product/2b/69/0b/6852ab1e8a5e531485c70d363f117adb.jpg,No,,No,No,14
Điện Thoại Oppo Reno 5 (8GB/128G) - Hàng Chính Hãng,6990000,Yes,No,31,5566079230069,https://tiki.vn/dien-thoai-oppo-reno-5-8gb-128g-hang-chinh-hang-p74489817.html?src=ss-organic,0,https://salt.tikicdn.com/cache/280x280/ts/product/3b/bc/93/99cfcf5400182bf7f17adb53141825c0.jpg,No,,Yes,No,22
iPad Pro 11 inch (2020) 128GB Wifi  - Hàng  Chính Hãng,20450000,Yes,No,36,3631090745167,https://tiki.vn/ipad-pro-11-inch-2020-128gb-wifi-hang-chinh-hang-p74558946.html?src=ss-organic,5,https://salt.tikicdn.com/cache/280x280/ts/product/86/dc/72/0ab06d21b1d4bd5d4adcc2fec6dfbaa9.jpg,No,,Yes,No,7
Điện Thoại Samsung Galaxy A12 (4GB/128GB) - Hàng Chính Hãng,3690000,Yes,No,62,2007814764133,https://tiki.vn/dien-thoai-samsung-galaxy-a12-4gb-128gb-hang-chinh-hang-p74932860.html?src=ss-organic,0,https://salt.tikicdn.com/cache/280x280/ts/product/09/90/19/e692e2fdc1810e5b792b07b3ddfe5e9d.jpg,No,,Yes,No,14
AdMáy Đọc Sách Kindle Gen 10 (2019) - Hàng Nhập Khẩu - Màu Trắng,2390000,No,No,1,1660660907089,https://tiki.vn/may-doc-sach-kindle-gen-10-2019-hang-nhap-khau-mau-trang-p44106461.html?spid=48944235&src=ss-ads,0,https://salt.tikicdn.com/cache/280x280/ts/product/a1/da/9e/0adff804db5682c8f59067ca469f678c.jpg,No,,No,No,23
Máy đọc sách Kindle PaperWhite Gen 4 (10th) - Bản 8GB - Hàng chính hãng,2930000,Yes,No,492,6531566843953,https://tiki.vn/may-doc-sach-kindle-paperwhite-gen-4-10th-ban-8gb-2019-hang-chinh-hang-p6597807.html?src=ss-organic,0,https://salt.tikicdn.com/cache/280x280/ts/product/dc/39/ea/c1babbb53d968c38b0e5a528ea9548af.jpg,Yes,,No,No,27
Điện Thoại iPhone 12 128GB - Hàng Chính Hãng,22700000,No,Yes,20,9791787511711,https://tiki.vn/dien-thoai-iphone-12-128gb-hang-chinh-hang-p71198347.html?src=ss-organic,5,https://salt.tikicdn.com/ts/upload/f3/74/46/f4c52053d220e94a047410420eaf9faf.png,No,,Yes,No,16
Điện thoại Vsmart Aris (8GB/128GB) - Hàng Chính Hãng,5290000,Yes,No,99,3364412418882,https://tiki.vn/dien-thoai-vsmart-aris-8gb-128gb-hang-chinh-hang-p73113762.html?src=ss-organic,0,https://salt.tikicdn.com/cache/280x280/ts/product/d6/cf/3c/c00776b660a8b18c391ac3c8402028d4.jpg,No,,No,No,29
AdĐiện thoại di động Forme D777 - Hàng Chính Hãng,399000,No,No,22,4367427331114,https://tiki.vn/dien-thoai-di-dong-forme-d777-hang-chinh-hang-p9727985.html?spid=9727987&src=ss-ads,0,https://salt.tikicdn.com/cache/280x280/ts/product/50/41/6b/6c87ec6482444b2be1b133a01489a0a9.jpg,No,,No,No,0
Máy Tính Bảng Samsung Galaxy Tab A7 (3GB/64GB) SM-T505 ĐÃ KÍCH HOẠT BẢO HÀNH ĐIỆN TỬ - Hàng Chính Hãng,6150000,Yes,No,12,6554710717097,https://tiki.vn/may-tinh-bang-samsung-galaxy-tab-a7-3gb-64gb-sm-t505-da-kich-hoat-bao-hanh-dien-tu-hang-chinh-hang-p74034401.html?src=ss-organic,5,https://salt.tikicdn.com/cache/280x280/ts/product/38/fb/93/3116b5c745be5e48f6492186d7f0d58a.jpg,No,,Yes,No,23
Điện Thoại OPPO RENO 3 Pro (8GB/256GB) - Hàng Chính Hãng,6490000,Yes,No,49,5386138868374,https://tiki.vn/dien-thoai-oppo-reno-3-pro-8gb-256gb-hang-chinh-hang-p54028954.html?src=ss-organic,0,https://salt.tikicdn.com/cache/280x280/ts/product/de/16/96/febcf3659e8b50f5d03fe5d43890d040.jpg,Yes,,Yes,No,57
Điện thoại Xiaomi Redmi Note 10 (4GB/64GB) - Hàng chính hãng,4050000,Yes,No,5,7247376269139,https://tiki.vn/dien-thoai-xiaomi-redmi-note-10-4gb-64gb-hang-chinh-hang-p85137433.html?src=ss-organic,0,https://salt.tikicdn.com/cache/280x280/ts/product/c5/71/75/4286efc95be4d8a66c0900d9ed4e34a7.JPG,No,,No,No,14
AdCombo Máy Đọc Sách Kindle Paperwhite Gen 10 (8GB - Màu Đen) và Bao da WELL BEGUN - Hàng nhập khẩu,3050000,No,No,52,1490602779029,https://tiki.vn/combo-may-doc-sach-kindle-paperwhite-gen-10-8gb-mau-den-va-bao-da-well-begun-hang-nhap-khau-p11217956.html?spid=27803658&src=ss-ads,0,https://salt.tikicdn.com/cache/280x280/ts/product/78/a7/79/093b88034ca10e83412399fadc1fb7f5.png,No,,Yes,No,29
Điện Thoại Samsung Galaxy A12 (4GB/128GB) - ĐÃ KÍCH HOẠT BẢO HÀNH ĐIỆN TỬ - Hàng Chính Hãng,3550000,Yes,No,56,7872042397218,https://tiki.vn/dien-thoai-samsung-galaxy-a12-4gb-128gb-da-kich-hoat-bao-hanh-dien-tu-hang-chinh-hang-p74935377.html?src=ss-organic,0,https://salt.tikicdn.com/cache/280x280/ts/product/b6/ac/58/a781e8737a2409136f50428085437da7.jpg,No,,Yes,No,17
Điện Thoại Xiaomi POCO X3 NFC (6GB/128GB) - Hàng Chính Hãng,5179000,Yes,No,0,7104219861417,https://tiki.vn/dien-thoai-xiaomi-poco-x3-nfc-6gb-128gb-hang-chinh-hang-p73655906.html?src=ss-organic,0,https://salt.tikicdn.com/cache/280x280/ts/product/20/db/8c/aa3b2c3a4c0813f79c3b3071c37f142c.jpg,No,,No,No,26
Điện thoại Vivo Y1S - Hàng chính hãng,2073700,Yes,No,28,5901322165369,https://tiki.vn/dien-thoai-vivo-y1s-hang-chinh-hang-p58444960.html?src=ss-organic,0,https://salt.tikicdn.com/cache/280x280/ts/product/ac/e0/57/6f377a45a456cda76c40bbd79b64a0a3.png,No,,No,No,23
AdĐiện Thoại Di Động Forme Gorilla  - Hàng Chính Hãng,299000,No,No,8,1630356159351,https://tiki.vn/dien-thoai-di-dong-forme-gorilla-hang-chinh-hang-p8820501.html?spid=9729320&src=ss-ads,0,https://salt.tikicdn.com/cache/280x280/ts/product/1a/48/6c/37d360cad12ba127fa1eab2d9b863fd9.jpg,No,,No,No,17
Điện thoại Xiaomi Redmi Note 10 (6GB/128GB) - Hàng chính hãng - Xám,4779000,No,No,0,9412454480434,https://tiki.vn/dien-thoai-xiaomi-redmi-note-10-6gb-128gb-hang-chinh-hang-xam-p85137414.html?src=ss-organic,0,https://salt.tikicdn.com/cache/280x280/ts/product/c5/71/75/1a6bcc3fb2d3449563c7d2a607f0a5a3.JPG,No,,No,No,13
Điện Thoại Oppo A12 (4GB/64GB) - Hàng Chính Hãng,2950000,Yes,No,45,3953343785493,https://tiki.vn/dien-thoai-oppo-a12-4gb-64gb-hang-chinh-hang-p53827217.html?src=ss-organic,0,https://salt.tikicdn.com/cache/280x280/ts/product/77/56/ca/370d5b66b2c1743aec879479632f9459.jpg,Yes,,No,No,26
"AdMáy Tính Bảng Samsung Galaxy Tab A8 8"" T295 - Đã Kích Hoạt Bảo Hành - Hàng Chính Hãng",2990000,Yes,Yes,16,2148779508568,https://tiki.vn/may-tinh-bang-samsung-galaxy-tab-a8-8-t295-2019-da-kich-hoat-bao-hanh-hang-chinh-hang-p23258088.html?spid=34114028&src=ss-ads,0,https://salt.tikicdn.com/ts/upload/f3/74/46/f4c52053d220e94a047410420eaf9faf.png,No,,No,No,19
Máy Đọc Sách Kindle Paperwhite Gen 10 - Hàng Nhập Khẩu,2950000,Yes,No,216,1275670017019,https://tiki.vn/may-doc-sach-kindle-paperwhite-gen-10-2019-hang-nhap-khau-p40639597.html?src=ss-organic,0,https://salt.tikicdn.com/cache/280x280/ts/product/09/43/67/0fad375f1bee9b1597256a326059e8bc.jpg,No,,No,No,31
Điện Thoại OPPO RENO 3 Pro (8GB/256GB) - Hàng Chính Hãng,6490000,Yes,No,49,5386138868374,https://tiki.vn/dien-thoai-oppo-reno-3-pro-8gb-256gb-hang-chinh-hang-p54028954.html?src=ss-organic,0,https://salt.tikicdn.com/cache/280x280/ts/product/de/16/96/febcf3659e8b50f5d03fe5d43890d040.jpg,Yes,,Yes,No,57
Điện Thoại Samsung Galaxy S20 FE - Hàng Chính Hãng,14990000,Yes,No,371,2274128763323,https://tiki.vn/dien-thoai-samsung-galaxy-s20-fe-hang-chinh-hang-p68693081.html?src=ss-organic,0,https://salt.tikicdn.com/cache/280x280/ts/product/14/8b/ba/29bd9f2e0707fc37cdb58d339ae81c90.jpg,Yes,,Yes,Yes,6
AdĐiện Thoại Nokia 215 4G - Hàng Chính Hãng,640000,No,No,2,2691759979859,https://tiki.vn/dien-thoai-nokia-215-4g-hang-chinh-hang-p72882726.html?spid=92567849&src=ss-ads,0,https://salt.tikicdn.com/cache/280x280/ts/product/82/75/da/c8fdc7c380d4fb2e29c5e1c95195bb27.jpg,Yes,,No,No,15
Điện Thoại Vsmart Active 3 - Hàng Chính Hãng,3290000,No,No,184,8470073743241,https://tiki.vn/dien-thoai-vsmart-active-3-hang-chinh-hang-p46753117.html?src=ss-organic,0,https://salt.tikicdn.com/cache/280x280/ts/product/e3/62/f1/ebf60b6c592974d72877b3b021bb58d8.jpg,No,,Yes,No,34
Điện Thoại Oppo A73 2020 (6GB/128GB) - Hàng Chính Hãng,4390000,No,No,0,1352270892899,https://tiki.vn/dien-thoai-oppo-a73-2020-6gb-128gb-hang-chinh-hang-p71159365.html?src=ss-organic,0,https://salt.tikicdn.com/cache/280x280/ts/product/53/cc/55/70ef85135a153159ee8c1a1e80c88fff.jpg,Yes,,No,No,20
Điện Thoại Xiaomi Redmi 9 - Hàng Chính Hãng,2890000,No,Yes,96,8838977361853,https://tiki.vn/dien-thoai-xiaomi-redmi-9-hang-chinh-hang-p57127752.html?src=ss-organic,5,https://salt.tikicdn.com/ts/upload/f3/74/46/f4c52053d220e94a047410420eaf9faf.png,No,,No,No,19
"AdMáy đọc sách Kobo Clara HD 8GB đen, 6 inch, có đèn cam - Hàng nhập khẩu",3245000,No,No,4,2956945853043,https://tiki.vn/may-doc-sach-kobo-clara-8gb-den-6-inch-co-den-cam-hang-nhap-khau-p72290345.html?spid=77874198&src=ss-ads,5,https://salt.tikicdn.com/cache/280x280/ts/product/f0/04/a4/8daf08244f9766c75ece956b9edcb0b9.png,No,,No,No,35
Điện Thoại Samsung Galaxy Note 20 (8GB/256GB) - ĐÃ KÍCH HOẠT BẢO HÀNH ĐIỆN TỬ - Hàng Chính Hãng,15690000,Yes,Yes,48,3122665697955,https://tiki.vn/dien-thoai-samsung-galaxy-note-20-256gb-8gb-hang-chinh-hang-da-kich-hoat-bao-hanh-dien-tu-p62263771.html?src=ss-organic,0,https://salt.tikicdn.com/ts/upload/f3/74/46/f4c52053d220e94a047410420eaf9faf.png,No,,Yes,No,35
"Máy Tính Bảng Samsung Galaxy Tab A8 8"" T295 - Hàng Chính Hãng",2990000,Yes,No,407,4697664984478,https://tiki.vn/may-tinh-bang-samsung-galaxy-tab-a8-8-t295-2019-hang-chinh-hang-p21464946.html?src=ss-organic,0,https://salt.tikicdn.com/cache/280x280/ts/product/89/1f/90/e1bb55a8b8f67780fbb53fae09e0812d.jpg,No,,No,No,19
Điện Thoại Xiaomi Redmi Note 10 Pro (8GB/128GB) - Hàng Chính Hãng,6890000,Yes,No,11,5264858864501,https://tiki.vn/dien-thoai-xiaomi-redmi-note-10-pro-8gb-128gb-hang-chinh-hang-p84715674.html?src=ss-organic,0,https://salt.tikicdn.com/cache/280x280/ts/product/66/76/7d/95fe4aa05c083fca67f89abb6452a06e.jpg,No,,No,No,8
AdMáy Đọc Sách Kindle Fire HD 10 (Đen) - Hàng Nhập Khẩu,3200000,No,No,7,8075882681342,https://tiki.vn/may-doc-sach-kindle-fire-hd-10-den-hang-nhap-khau-p2119907.html?spid=18005849&src=ss-ads,0,https://salt.tikicdn.com/cache/280x280/ts/product/27/db/8c/1dabc79561a94b328d6c445cf437bc27.jpg,Yes,,No,No,16
Điện Thoại Oppo A12 (4GB/64GB) - Hàng Chính Hãng,2950000,Yes,No,45,3953343785493,https://tiki.vn/dien-thoai-oppo-a12-4gb-64gb-hang-chinh-hang-p53827217.html?src=ss-organic,0,https://salt.tikicdn.com/cache/280x280/ts/product/77/56/ca/370d5b66b2c1743aec879479632f9459.jpg,Yes,,No,No,26
iPad 10.2 Inch WiFi 128GB (gen 8) New 2020 - Hàng Chính Hãng,10950000,Yes,No,123,2429933345213,https://tiki.vn/ipad-10-2-inch-wifi-128gb-gen-8-new-2020-hang-chinh-hang-p67716300.html?src=ss-organic,0,https://salt.tikicdn.com/cache/280x280/ts/product/2e/c7/85/09cf0ff8aef57e765ef62f2b7934f2ef.jpg,No,,Yes,No,27
Điện Thoại iPhone 11 Pro 64GB - Hàng Nhập Khẩu ,21650000,No,Yes,11,6743986776791,https://tiki.vn/dien-thoai-iphone-11-pro-64gb-hang-nhap-khau-p33815238.html?src=ss-organic,0,https://salt.tikicdn.com/ts/upload/f3/74/46/f4c52053d220e94a047410420eaf9faf.png,No,,Yes,No,34
AdMáy đọc sách All New Kindle Bản đặc biệt 8GB - Hàng nhập khẩu,2209000,Yes,No,16,4411205385209,https://tiki.vn/may-doc-sach-all-new-kindle-ban-dac-biet-8gb-hang-nhap-khau-p66773643.html?src=ss-ads,0,https://salt.tikicdn.com/cache/280x280/ts/product/8b/d5/ff/8b8ab913d1f347396e5bfcb0fc336b74.jpg,Yes,,No,No,31
Điện Thoại Samsung Galaxy A72 (8GB/256GB) - Hàng Chính Hãng,10890000,Yes,No,0,2871939810570,https://tiki.vn/dien-thoai-samsung-galaxy-a72-8gb-256gb-hang-chinh-hang-p83470267.html?src=ss-organic,0,https://salt.tikicdn.com/cache/280x280/ts/product/47/55/35/dd5e5cfb1b1a86e74b7387fae1e513ed.jpg,No,,Yes,No,5
Máy đọc sách All New Kindle Bản đặc biệt 8GB - Hàng nhập khẩu,2209000,Yes,No,16,4411205385209,https://tiki.vn/may-doc-sach-all-new-kindle-ban-dac-biet-8gb-hang-nhap-khau-p66773643.html?src=ss-organic,0,https://salt.tikicdn.com/cache/280x280/ts/product/8b/d5/ff/8b8ab913d1f347396e5bfcb0fc336b74.jpg,Yes,,No,No,31
"Điện thoại Forme A77 màn hình 5inch, Wifi, 3G, 2 sim  - Hàng chính hãng",729000,Yes,No,70,1444693420001,https://tiki.vn/dien-thoai-forme-a77-man-hinh-5inch-wifi-3g-2-sim-hang-chinh-hang-p71952008.html?src=ss-organic,0,https://salt.tikicdn.com/cache/280x280/ts/product/38/02/10/06a0021f0a164d92b67a17bd184e67d7.jpg,Yes,,No,No,26
AdMáy đọc sách All New Kindle Bản đặc biệt 8GB - Hàng nhập khẩu,2215000,No,No,16,4513906376071,https://tiki.vn/may-doc-sach-all-new-kindle-ban-dac-biet-8gb-hang-nhap-khau-p66773643.html?spid=66773645&src=ss-ads,0,https://salt.tikicdn.com/cache/280x280/ts/product/73/55/1f/6d41ff1a98006a065967f02b3f84f530.jpg,No,,No,No,31
Điện Thoại Xiaomi Redmi 9C - Hàng Chính Hãng,2290000,Yes,Yes,42,3916027306162,https://tiki.vn/dien-thoai-xiaomi-redmi-9c-hang-chinh-hang-p59519631.html?src=ss-organic,5,https://salt.tikicdn.com/ts/upload/f3/74/46/f4c52053d220e94a047410420eaf9faf.png,No,,No,No,8
Điện thoại Vivo Y12s - Hàng Chính Hãng,3290000,No,No,0,1378331809597,https://tiki.vn/dien-thoai-vivo-y12s-hang-chinh-hang-p73320913.html?src=ss-organic,0,https://salt.tikicdn.com/cache/280x280/ts/product/b3/95/fc/70f6724a71608f645d6435ebf5e0039b.jpg,No,,No,No,0
Điện Thoại Nokia 150 (2020) -  Hàng Chính Hãng,609000,No,No,3,4258260936152,https://tiki.vn/dien-thoai-nokia-150-2020-hang-chinh-hang-p55665054.html?src=ss-organic,0,https://salt.tikicdn.com/cache/280x280/ts/product/0e/a0/ba/326beb945cdc4e581af187ace71e6fe1.jpg,No,,No,No,8
AdMáy tính bảng Kindle Fire HD8 Model 2020 - 32GB - Hàng nhập khẩu,2180000,No,No,7,1881039076124,https://tiki.vn/may-tinh-bang-kindle-fire-hd8-model-2020-32gb-hang-nhap-khau-p67085908.html?spid=67085910&src=ss-ads,0,https://salt.tikicdn.com/cache/280x280/ts/product/e9/20/d4/6d20dfbd10ec451819a11be7fdae63ca.jpg,No,,No,No,27
Điện Thoại Samsung Galaxy Note 20 Ultra 5G (12GB/256GB) - ĐÃ KÍCH HOẠT BẢO HÀNH ĐIỆN TỬ - Hàng Chính Hãng,21500000,No,No,0,8484290623686,https://tiki.vn/dien-thoai-samsung-galaxy-note-20-ultra-5g-12gb-256gb-da-kich-hoat-bao-hanh-dien-tu-hang-chinh-hang-p70661051.html?src=ss-organic,0,https://salt.tikicdn.com/cache/280x280/ts/product/e2/38/e8/41cefcaa2dc905b19a41774b28b7b192.jpg,No,,No,No,35
Điện Thoại OPPO Reno 2 (8GB/256GB) - Hàng Chính Hãng,7790000,Yes,No,21,6862581472010,https://tiki.vn/dien-thoai-oppo-reno-2-hang-chinh-hang-p35729879.html?src=ss-organic,5,https://salt.tikicdn.com/cache/280x280/ts/product/c4/cf/e7/7d93f397d479304c844806bd99849d01.jpg,Yes,,Yes,No,48
Điện Thoại Xiaomi Redmi Note 10 Pro (6GB/128GB) - Hàng Chính Hãng,6490000,No,No,0,8256999843149,https://tiki.vn/dien-thoai-xiaomi-redmi-note-10-pro-6gb-128gb-hang-chinh-hang-p84716247.html?src=ss-organic,0,https://salt.tikicdn.com/cache/280x280/ts/product/f8/9e/80/9fb401e17806e8aaaf3a1a4b4553bd1f.jpg,No,,No,No,7
AdMáy tính bảng Kindle Fire HD8 Model 2020 - 32GB - Hàng nhập khẩu,2190000,No,No,7,5365553645562,https://tiki.vn/may-tinh-bang-kindle-fire-hd8-model-2020-32gb-hang-nhap-khau-p67085908.html?spid=67085912&src=ss-ads,0,https://salt.tikicdn.com/cache/280x280/ts/product/e9/dd/ef/3f8dbf19d2110c702cdff36d460f2534.jpg,No,,No,No,27
Điện Thoại Samsung Galaxy A11 (32GB/3GB) - Hàng Chính Hãng - (Đã kích hoạt bảo hành điện tử),2590000,No,Yes,95,4605238371807,https://tiki.vn/dien-thoai-samsung-galaxy-a11-32gb-3gb-hang-chinh-hang-da-kich-hoat-bao-hanh-dien-tu-p54913203.html?src=ss-organic,0,https://salt.tikicdn.com/ts/upload/f3/74/46/f4c52053d220e94a047410420eaf9faf.png,Yes,,No,No,30
Điện thoại Vsmart Joy 4 (4GB/64GB)- Hàng chính hãng-màu xanh ngọc lam,3270000,No,No,7,9490133968260,https://tiki.vn/dien-thoai-vsmart-joy-4-4gb-64gb-hang-chinh-hang-mau-xanh-ngoc-lam-p71082242.html?spid=71082243&src=ss-organic,5,https://salt.tikicdn.com/cache/280x280/ts/product/28/7d/2b/18bc1ae47f6baebc37e979cf37ae7f85.png,No,,No,No,9
Điện Thoại OPPO RENO 4 (8GB/128GB) - Hàng Chính Hãng,6681300,Yes,No,87,4724534729942,https://tiki.vn/dien-thoai-oppo-reno-4-8gb-128gb-hang-chinh-hang-p58437155.html?src=ss-organic,0,https://salt.tikicdn.com/cache/280x280/ts/product/ac/e5/dd/416539c5e2d07de70a61aa4d14507043.jpg,No,,Yes,No,26
"AdĐiện thoại Forme Duos 1900, màn hình 2.8inch, pin 1900mAh, font chữ lớn - Phân phối chính hãng",310000,No,No,16,9618304762077,https://tiki.vn/dien-thoai-forme-duos-1900-man-hinh-2-8inch-pin-1900mah-font-chu-lon-phan-phoi-chinh-hang-p47994410.html?spid=47994412&src=ss-ads,0,https://salt.tikicdn.com/cache/280x280/ts/product/2b/69/0b/6852ab1e8a5e531485c70d363f117adb.jpg,No,,No,No,14
Điện Thoại Samsung Galaxy Note 20 Ultra (8GB/256GB) - ĐÃ KÍCH HOẠT BẢO HÀNH ĐIỆN TỬ - Hàng Chính Hãng,20090000,Yes,Yes,5,7221729413299,https://tiki.vn/dien-thoai-samsung-galaxy-note-20-ultra-256gb-8gb-hang-chinh-hang-da-kich-hoat-bao-hanh-dien-tu-p62269749.html?src=ss-organic,0,https://salt.tikicdn.com/ts/upload/f3/74/46/f4c52053d220e94a047410420eaf9faf.png,No,,Yes,No,33
Điện Thoại Vsmart Joy 3 - Hàng chính hãng,2790000,No,Yes,0,3686071902275,https://tiki.vn/dien-thoai-vsmart-joy-3-hang-chinh-hang-p48524359.html?src=ss-organic,0,https://salt.tikicdn.com/ts/upload/f3/74/46/f4c52053d220e94a047410420eaf9faf.png,No,,No,No,15
Điện thoại Xiaomi POCO X3 - Hàng Chính Hãng ,4990000,No,No,5,2288235066568,https://tiki.vn/dien-thoai-xiaomi-poco-x3-128gb-ram-6gb-hang-chinh-hang-p67057190.html?src=ss-organic,0,https://salt.tikicdn.com/cache/280x280/ts/product/01/ca/08/6fdc7404415e546bb209c5253219fad1.png,No,,No,No,25
AdMáy Đọc Sách Kindle Gen 10 (2019) - Hàng Nhập Khẩu - Màu Trắng,2390000,No,No,1,1660660907089,https://tiki.vn/may-doc-sach-kindle-gen-10-2019-hang-nhap-khau-mau-trang-p44106461.html?spid=48944235&src=ss-ads,0,https://salt.tikicdn.com/cache/280x280/ts/product/a1/da/9e/0adff804db5682c8f59067ca469f678c.jpg,No,,No,No,23
iPad 10.2 Inch WiFi/Cellular 32GB New 2019 - Hàng Nhập Khẩu Chính Hãng,9990000,Yes,No,39,2667486073867,https://tiki.vn/ipad-10-2-inch-wifi-cellular-32gb-new-2019-hang-nhap-khau-chinh-hang-p32648364.html?src=ss-organic,0,https://salt.tikicdn.com/cache/280x280/ts/product/da/f3/46/519f0f7afd64645cc9b3b1011a803d36.JPG,Yes,,Yes,No,17
Điện thoại Xiaomi Redmi Note 9S - Hàng Chính Hãng,4750000,No,No,4,1953148957073,https://tiki.vn/dien-thoai-xiaomi-redmi-note-9s-hang-chinh-hang-p51553387.html?spid=80148732&src=ss-organic,5,https://salt.tikicdn.com/cache/280x280/ts/product/c2/9d/c2/40e1f21bef91d798bfcfe9fa7a9be95a.jpg,No,,No,No,13
Điện Thoại Nokia 2.4 (2GB/32GB) - Hàng Chính Hãng,2090000,No,No,2,4547214039969,https://tiki.vn/dien-thoai-nokia-2-4-hang-chinh-hang-p69271416.html?src=ss-organic,0,https://salt.tikicdn.com/cache/280x280/ts/product/c3/4c/c2/11c46f5ffe021c9eda1790e295a24fab.jpg,Yes,,No,No,22
AdCombo Máy Đọc Sách Kindle Paperwhite Gen 10 (8GB - Màu Đen) và Bao da WELL BEGUN - Hàng nhập khẩu,3050000,No,No,52,1490602779029,https://tiki.vn/combo-may-doc-sach-kindle-paperwhite-gen-10-8gb-mau-den-va-bao-da-well-begun-hang-nhap-khau-p11217956.html?spid=27803658&src=ss-ads,0,https://salt.tikicdn.com/cache/280x280/ts/product/78/a7/79/093b88034ca10e83412399fadc1fb7f5.png,No,,Yes,No,29
Điện Thoại OPPO A9 2020 (8GB/128GB) - Hàng Chính Hãng,4699000,Yes,No,87,6765013681960,https://tiki.vn/dien-thoai-oppo-a9-2020-128g-8gb-hang-chinh-hang-p31276832.html?src=ss-organic,0,https://salt.tikicdn.com/cache/280x280/ts/product/5c/63/67/aad7c2586211ce63030180629e89f743.jpg,No,,Yes,No,41
Điện Thoại Realme C15 (4GB/64G) - Hàng Chính Hãng,3390000,No,No,0,2834460409267,https://tiki.vn/dien-thoai-realme-c15-4gb-64g-hang-chinh-hang-p73174156.html?spid=88212370&src=ss-organic,0,https://salt.tikicdn.com/cache/280x280/ts/product/14/c8/c4/6dbbf2bd3413ec49e37b599995ae75c0.jpg,No,,No,No,19
Điện Thoại Xiaomi Mi 10T Pro 5G - Hàng Chính Hãng,10299000,No,No,0,5462420731060,https://tiki.vn/dien-thoai-xiaomi-mi-10t-pro-5g-hang-chinh-hang-p71095046.html?src=ss-organic,0,https://salt.tikicdn.com/cache/280x280/ts/product/61/c2/d9/14d0152a5c875ce9366fdcf7fa553498.png,No,,No,No,14
AdĐiện thoại di động Forme D777 - Hàng Chính Hãng,399000,No,No,22,4367427331114,https://tiki.vn/dien-thoai-di-dong-forme-d777-hang-chinh-hang-p9727985.html?spid=9727987&src=ss-ads,0,https://salt.tikicdn.com/cache/280x280/ts/product/50/41/6b/6c87ec6482444b2be1b133a01489a0a9.jpg,No,,No,No,0
Điện thoại Vsmart Star 4 (3GB/32GB) - Hàng Chính Hãng,2079000,No,No,0,6684917614596,https://tiki.vn/dien-thoai-vsmart-star-4-3gb-32gb-hang-chinh-hang-p59043365.html?src=ss-organic,0,https://salt.tikicdn.com/cache/280x280/ts/product/14/50/80/afc6231938e536048c251fab5033f748.jpg,No,,No,No,9
Điện Thoại Samsung Galaxy A52 (8GB/128GB) - Hàng Chính Hãng,8790000,Yes,No,0,7387666772052,https://tiki.vn/dien-thoai-samsung-galaxy-a52-8gb-128gb-hang-chinh-hang-p83368040.html?src=ss-organic,0,https://salt.tikicdn.com/cache/280x280/ts/product/c3/0c/fa/94ce691c46a9f8475e98a97b160043d2.jpg,No,,Yes,No,5
Điện Thoại Samsung Galaxy S21 Ultra 5G (12GB/128GB) - ĐÃ KÍCH HOẠT BẢO HÀNH ĐIỆN TỬ -  Hàng Chính Hãng ,21390000,No,No,0,9331417942379,https://tiki.vn/dien-thoai-samsung-galaxy-s21-ultra-5g-12gb-128gb-da-kich-hoat-bao-hanh-dien-tu-hang-chinh-hang-p77117341.html?src=ss-organic,0,https://salt.tikicdn.com/cache/280x280/ts/product/7f/10/73/2a0fe150d3686d94cea485c75ed340aa.jpg,No,,Yes,No,31
AdCombo Máy Đọc Sách Kindle Paperwhite Gen 10 (8GB - Màu Đen) và Bao da WELL BEGUN - Hàng nhập khẩu,3050000,No,No,52,9437160091400,https://tiki.vn/combo-may-doc-sach-kindle-paperwhite-gen-10-8gb-mau-den-va-bao-da-well-begun-hang-nhap-khau-p11217956.html?spid=20873234&src=ss-ads,0,https://salt.tikicdn.com/cache/280x280/ts/product/2a/e4/bc/d791dfe7ff7b95f81f38f8de44e54fc6.jpg,No,,Yes,No,29
Điện Thoại Vivo Y20 (4GB/64GB) - Hàng Chính Hãng,3050000,Yes,No,4,4955064155546,https://tiki.vn/dien-thoai-vivo-y20-4gb-64gb-hang-chinh-hang-p70765398.html?src=ss-organic,0,https://salt.tikicdn.com/cache/280x280/ts/product/6a/17/c0/8db3ee8cbec1258c3cd682b089ce5c8c.jpg,No,,No,No,24
Điện Thoại Samsung Galaxy A31 (6GB/128GB) - ĐÃ KÍCH HOẠT BẢO HÀNH ĐIỆN TỬ - Hàng Chính Hãng,4990000,No,Yes,27,5063945127923,https://tiki.vn/dien-thoai-samsung-galaxy-a31-6gb-128gb-da-kich-hoat-bao-hanh-dien-tu-hang-chinh-hang-p54711313.html?src=ss-organic,0,https://salt.tikicdn.com/ts/upload/f3/74/46/f4c52053d220e94a047410420eaf9faf.png,No,,Yes,No,23
iPad Air 10.9 Wi-Fi 256GB New 2020 - Hàng Chính Hãng,18600000,Yes,No,59,6120112710827,https://tiki.vn/ipad-air-10-9-wi-fi-256gb-new-2020-hang-chinh-hang-p68174420.html?src=ss-organic,0,https://salt.tikicdn.com/cache/280x280/ts/product/61/f3/84/9b4bd00f32ce7c6adf07fa9a6694fc64.jpg,No,,Yes,No,15
Điện Thoại iPhone 12 Pro Max 512GB - Hàng Chính Hãng,36990000,Yes,Yes,34,5326892489682,https://tiki.vn/dien-thoai-iphone-12-pro-max-512gb-hang-chinh-hang-p71197208.html?src=ss-organic,0,https://salt.tikicdn.com/ts/upload/f3/74/46/f4c52053d220e94a047410420eaf9faf.png,No,,Yes,No,16
Điện Thoại Nokia 5.4 (4GB/128GB) - Hàng Chính Hãng,3490000,No,No,0,1871083853956,https://tiki.vn/dien-thoai-nokia-5-4-4gb-128gb-hang-chinh-hang-p75540783.html?src=ss-organic,0,https://salt.tikicdn.com/cache/280x280/ts/product/13/5d/9b/f7dd405d93ec46eedb6bedc6ae3ed3b9.jpg,No,,No,No,30
Điện Thoại Realme C12 (3GB/32GB) - Hàng Chính Hãng,2690000,No,No,0,4272056495682,https://tiki.vn/dien-thoai-realme-c12-hang-chinh-hang-p63453468.html?src=ss-organic,0,https://salt.tikicdn.com/cache/280x280/ts/product/2d/b1/ea/902abe75e1dab0e7ac4379429885fed2.jpg,No,,No,No,23
Điện Thoại Samsung Galaxy A12 (4GB/128GB) - Đã kích hoạt bảo hành điện tử-Hàng Chính Hãng - Đen,3575000,Yes,Yes,4,9640272894841,https://tiki.vn/dien-thoai-samsung-galaxy-a12-4gb-128gb-da-kich-hoat-bao-hanh-dien-tu-hang-chinh-hang-den-p84999782.html?src=ss-organic,0,https://salt.tikicdn.com/ts/upload/f3/74/46/f4c52053d220e94a047410420eaf9faf.png,No,,No,No,15
Điện Thoại Nokia 6300 4G - Hàng Chính Hãng,1139000,Yes,No,72,3180961281407,https://tiki.vn/dien-thoai-nokia-6300-4g-hang-chinh-hang-p72888793.html?src=ss-organic,0,https://salt.tikicdn.com/cache/280x280/ts/product/6f/de/2f/aabb6ff44b1dc7901fcaa45c8901c46d.jpg,No,,No,No,12
Điện Thoại Oppo A31 2020 (6GB/128GB) - Hàng Chính Hãng,3950000,Yes,No,40,2502672203874,https://tiki.vn/dien-thoai-oppo-a31-2020-6gb-128gb-hang-chinh-hang-p52400151.html?src=ss-organic,0,https://salt.tikicdn.com/cache/280x280/ts/product/f4/11/b4/3f1f832946ddd71ce8f2abe277e8fedf.jpg,Yes,,Yes,No,25
Điện Thoại Realme 6I (4GB/128GB) - Hàng Chính Hãng ,3850000,Yes,No,34,3560857323808,https://tiki.vn/dien-thoai-realme-6i-4gb-128g-hang-chinh-hang-p54058645.html?src=ss-organic,0,https://salt.tikicdn.com/cache/280x280/ts/product/06/d4/f1/5084634b07e9670de72ef4d812360db9.jpg,Yes,,Yes,No,23
Điện Thoại Samsung Galaxy A51 (6GB/128GB) - ĐÃ KÍCH HOẠT BẢO HÀNH ĐIỆN TỬ - Hàng Chính Hãng,6079000,Yes,Yes,5,2869266922642,https://tiki.vn/dien-thoai-samsung-galaxy-a51-6gb-128gb-da-kich-hoat-bao-hanh-dien-tu-hang-chinh-hang-p45695395.html?src=ss-organic,5,https://salt.tikicdn.com/ts/upload/f3/74/46/f4c52053d220e94a047410420eaf9faf.png,No,,No,No,24
Máy Đọc Sách All New Kindle 2019 (10th) – Hàng Chính Hãng,2299000,No,No,68,7610634124510,https://tiki.vn/may-doc-sach-all-new-kindle-2019-10th-hang-chinh-hang-p14507169.html?src=ss-organic,0,https://salt.tikicdn.com/cache/280x280/ts/product/16/b4/f9/8fe857a1ff126b7979a0ddc34ec8e400.jpg,Yes,,No,No,23
AdCombo Máy Đọc Sách Kindle Paperwhite Gen 10 (8GB - Màu Đen) và Bao da WELL BEGUN - Hàng nhập khẩu,3050000,No,No,52,9437160091400,https://tiki.vn/combo-may-doc-sach-kindle-paperwhite-gen-10-8gb-mau-den-va-bao-da-well-begun-hang-nhap-khau-p11217956.html?spid=20873234&src=ss-ads,0,https://salt.tikicdn.com/cache/280x280/ts/product/2a/e4/bc/d791dfe7ff7b95f81f38f8de44e54fc6.jpg,No,,Yes,No,29
Điện Thoại Realme 6I (4GB/128GB) - Hàng Chính Hãng ,3850000,Yes,No,34,3560857323808,https://tiki.vn/dien-thoai-realme-6i-4gb-128g-hang-chinh-hang-p54058645.html?src=ss-organic,0,https://salt.tikicdn.com/cache/280x280/ts/product/06/d4/f1/5084634b07e9670de72ef4d812360db9.jpg,Yes,,Yes,No,23
Điện thoại Vsmart Joy 4 (4GB/64GB)- Hàng chính hãng-màu xanh ngọc lam,3270000,No,No,7,9490133968260,https://tiki.vn/dien-thoai-vsmart-joy-4-4gb-64gb-hang-chinh-hang-mau-xanh-ngoc-lam-p71082242.html?spid=71082243&src=ss-organic,5,https://salt.tikicdn.com/cache/280x280/ts/product/28/7d/2b/18bc1ae47f6baebc37e979cf37ae7f85.png,No,,No,No,9
Điện thoại Xiaomi Poco X3 Pro 8GB l 256GB - Hàng Chính Hãng,6990000,No,No,1,7017245664275,https://tiki.vn/dien-thoai-xiaomi-poco-x3-pro-8gb-l-256gb-hang-chinh-hang-p92680172.html?src=ss-organic,0,https://salt.tikicdn.com/cache/280x280/ts/product/47/4b/f9/ef4882f12408a4312390dd04f440692e.png,No,,No,No,13
Điện Thoại Nokia 6300 4G - Hàng Chính Hãng,1139000,Yes,No,72,3180961281407,https://tiki.vn/dien-thoai-nokia-6300-4g-hang-chinh-hang-p72888793.html?src=ss-organic,0,https://salt.tikicdn.com/cache/280x280/ts/product/6f/de/2f/aabb6ff44b1dc7901fcaa45c8901c46d.jpg,No,,No,No,12
iPad 10.2 Inch WiFi + Cellular 32GB (Gen 8) New 2020 - Hàng Chính Hãng,11850000,Yes,No,20,7915787181633,https://tiki.vn/ipad-10-2-inch-wifi-cellular-32gb-gen-8-new-2020-hang-chinh-hang-p67724754.html?src=ss-organic,0,https://salt.tikicdn.com/cache/280x280/ts/product/b3/d2/42/4ce8a2422dd2545d7fcda178ca61d9a6.jpg,No,,Yes,No,26
Điện Thoại Oppo A15 (3GB/32G) - Hàng Chính Hãng,3190000,Yes,No,10,7083099363211,https://tiki.vn/dien-thoai-oppo-a15-3gb-32g-hang-chinh-hang-p74492306.html?src=ss-organic,0,https://salt.tikicdn.com/cache/280x280/ts/product/51/dd/9e/d430bcfdb4359de074ec67840a851f34.jpg,No,,Yes,No,9
Điện thoại Xiaomi Redmi Note 9 (4GB/128GB) - Hàng chính hãng,4190000,No,No,0,9038134384526,https://tiki.vn/dien-thoai-xiaomi-redmi-note-9-4gb-128gb-hang-chinh-hang-p55248506.html?spid=77747277&src=ss-organic,0,https://salt.tikicdn.com/cache/280x280/ts/product/c5/0e/a9/eafc43438146a0aa4b5d4c40e719324e.jpg,No,,No,No,16
Máy Đọc Sách All New Kindle 2019 (10th) – Hàng Chính Hãng,2299000,No,No,68,7610634124510,https://tiki.vn/may-doc-sach-all-new-kindle-2019-10th-hang-chinh-hang-p14507169.html?src=ss-organic,0,https://salt.tikicdn.com/cache/280x280/ts/product/16/b4/f9/8fe857a1ff126b7979a0ddc34ec8e400.jpg,Yes,,No,No,23
Điện Thoại Samsung Galaxy A21s - ĐÃ KÍCH HOẠT BẢO HÀNH ĐIỆN TỬ - Hàng Chính Hãng,3590000,Yes,Yes,5,5721537526263,https://tiki.vn/dien-thoai-samsung-galaxy-a21s-hang-chinh-hang-da-kich-hoat-bao-hanh-dien-tu-p56027838.html?src=ss-organic,5,https://salt.tikicdn.com/ts/upload/f3/74/46/f4c52053d220e94a047410420eaf9faf.png,No,,No,No,23
Điện Thoại Nokia 210 - Hàng Chính Hãng,709000,Yes,No,105,5026811363016,https://tiki.vn/dien-thoai-nokia-210-hang-chinh-hang-p12628815.html?src=ss-organic,0,https://salt.tikicdn.com/cache/280x280/ts/product/39/d6/56/5a0d38812d0e2cbdf2731610dc4d8738.jpg,No,,No,No,9
Điện Thoại Xiaomi Redmi Note 8 - Hàng Chính Hãng,3750000,No,Yes,0,9679192279047,https://tiki.vn/dien-thoai-xiaomi-redmi-note-8-hang-chinh-hang-p35773440.html?spid=36197128&src=ss-organic,0,https://salt.tikicdn.com/ts/upload/f3/74/46/f4c52053d220e94a047410420eaf9faf.png,Yes,,Yes,No,25
Máy tính bảng Kindle Fire HD8 Model 2020 - 32GB - Hàng nhập khẩu,1950000,Yes,No,6,5339665050406,https://tiki.vn/may-tinh-bang-kindle-fire-hd8-model-2020-32gb-hang-nhap-khau-p67085908.html?src=ss-organic,5,https://salt.tikicdn.com/cache/280x280/ts/product/ab/96/ec/8d3386af420860c6600022d8a7dd2a48.jpg,No,,No,No,51
Máy Tính Bảng Masstel Tab 10 Pro - Hàng Chính Hãng,2090000,Yes,No,16,1883406226477,https://tiki.vn/may-tinh-bang-masstel-tab-10-pro-hang-chinh-hang-p32937961.html?src=ss-organic,0,https://salt.tikicdn.com/cache/280x280/ts/product/e9/6c/4e/a176e6d6138134cbc2d5c22b4621844c.jpg,Yes,,No,No,25
Máy Tính Bảng Mobell Tab 7S (8GB) - Hàng Chính Hãng,979000,No,No,11,8357080707902,https://tiki.vn/may-tinh-bang-mobell-tab-7s-8gb-hang-chinh-hang-p625684.html?src=ss-organic,0,https://salt.tikicdn.com/cache/280x280/media/catalog/product/1/_/1.u4064.d20170426.t115242.448874.jpg,No,,No,No,51
Điện thoại Vsmart Aris Pro (8GB/128GB) - Hàng chính hãng,6490000,Yes,No,2,9171810858455,https://tiki.vn/dien-thoai-vsmart-aris-pro-8gb-128gb-hang-chinh-hang-p68165482.html?src=ss-organic,0,https://salt.tikicdn.com/cache/280x280/ts/product/ae/e8/f5/091e63bdb0d2d40de600a7135a217175.jpg,No,,No,No,35
Combo Máy Đọc Sách Kindle Paperwhite 4 Gen 10 (8GB - Màu Đen - Hàng nhập khẩu) và Bao Da WELL BEGUN,3180000,No,No,18,7570642105225,https://tiki.vn/combo-may-doc-sach-kindle-paperwhite-4-gen-10-8gb-mau-den-va-bao-da-well-begun-hang-nhap-khau-p36264193.html?src=ss-organic,0,https://salt.tikicdn.com/cache/280x280/ts/product/07/51/f5/e9812eb508b2e825916f49a4b055a95a.jpg,No,,Yes,No,36
Điện Thoại Xiaomi Redmi 9T - Hàng Chính Hãng,3650000,Yes,No,3,5667748623358,https://tiki.vn/dien-thoai-xiaomi-redmi-9t-hang-chinh-hang-p76206341.html?src=ss-organic,0,https://salt.tikicdn.com/cache/280x280/ts/product/e5/77/f5/f9fe947e67bcd6619d7669ccbd2d8226.png,No,,No,No,9
Điện thoại Vsmart Aris (6GB/64GB) - Hàng Chính Hãng,5290000,No,No,0,3421866290089,https://tiki.vn/dien-thoai-vsmart-aris-6gb-64gb-hang-chinh-hang-p68165397.html?src=ss-organic,0,https://salt.tikicdn.com/cache/280x280/ts/product/87/dc/e0/f0d649b9a7457fb2db3f363105b4a1f8.jpg,No,,No,No,24
Điện Thoại Nokia 215 4G - Hàng Chính Hãng,640000,No,No,2,7902420645916,https://tiki.vn/dien-thoai-nokia-215-4g-hang-chinh-hang-p72882726.html?src=ss-organic,0,https://salt.tikicdn.com/cache/280x280/ts/product/04/cc/e8/092c0abe802b93c10057c9ddd804df7b.jpg,Yes,,No,No,15
Điện Thoại Coolpad F110 - Hàng Chính Hãng,180000,No,No,3,3018198897555,https://tiki.vn/dien-thoai-coolpad-f110-hang-chinh-hang-p21129624.html?src=ss-organic,0,https://salt.tikicdn.com/cache/280x280/ts/product/32/6d/d8/1fe01cb788b24fa9de91c171cd39863c.jpg,No,,No,No,5
Điện thoại Xiaomi Redmi Note 9 Pro - Hàng Chính Hãng,5790000,No,No,1,5386712274746,https://tiki.vn/dien-thoai-xiaomi-redmi-note-9-pro-hang-chinh-hang-p55138557.html?src=ss-organic,0,https://salt.tikicdn.com/cache/280x280/ts/product/43/86/13/31d0777f983647c58050a42c7c17073c.jpg,No,,No,No,17
Điện Thoại Samsung Galaxy A51 (8GB/128GB) - ĐÃ KÍCH HOẠT BẢO HÀNH ĐIỆN TỬ - Hàng Chính Hãng,6150000,Yes,No,2,3306491434623,https://tiki.vn/dien-thoai-samsung-galaxy-a51-8gb-128gb-da-kich-hoat-bao-hanh-dien-tu-hang-chinh-hang-p85444660.html?src=ss-organic,0,https://salt.tikicdn.com/cache/280x280/ts/product/ce/f0/12/dbb219369bc3fa7d2f813a6c305bb97e.jpg,No,,Yes,No,27
Điện Thoại Vivo Y20s (6GB/128GB) - Hàng Chính Hãng,4390000,No,No,0,4658306776002,https://tiki.vn/dien-thoai-vivo-y20s-6gb-128gb-hang-chinh-hang-p70765393.html?src=ss-organic,0,https://salt.tikicdn.com/cache/280x280/ts/product/fa/30/65/c6ab1ff12272aec1e3a4d1ead3eb56b8.jpg,No,,No,No,12
Điện Thoại iPhone 11 Pro 256GB - Hàng Nhập Khẩu ,25978000,No,No,17,5413554992854,https://tiki.vn/dien-thoai-iphone-11-pro-256gb-hang-nhap-khau-p33802447.html?src=ss-organic,0,https://salt.tikicdn.com/cache/280x280/ts/product/57/6a/d5/3e5231483c0a0faebfb457ab672e89d4.png,No,,No,No,30
Điện thoại Mobell C106 - Hàng chính hãng,169000,No,No,2,5297634583602,https://tiki.vn/dien-thoai-mobell-c106-hang-chinh-hang-p48484050.html?src=ss-organic,0,https://salt.tikicdn.com/cache/280x280/ts/product/d2/28/9a/a3e7724b4ba5a881e69c7627f3808094.png,No,,No,No,15
Máy TÍnh Bảng HUAWEI Matepad T8 2G/32G- Thẻ nhớ ngoài 512GB - Hàng Chính Hãng,2990000,Yes,No,8,4594548537778,https://tiki.vn/may-tinh-bang-huawei-matepad-t8-2g-32g-the-nho-ngoai-512gb-hang-chinh-hang-p74556923.html?src=ss-organic,5,https://salt.tikicdn.com/cache/280x280/ts/product/b6/ac/b5/9bfbc1f41f7cddafcb36d6e7ac63f336.jpg,No,,No,No,9
Máy đọc sách Onyx Boox Poke 3 - Hàng Chính Hãng,5000000,No,Yes,12,9340331897952,https://tiki.vn/may-doc-sach-onyx-boox-poke-3-hang-chinh-hang-p76798064.html?src=ss-organic,5,https://salt.tikicdn.com/ts/upload/f3/74/46/f4c52053d220e94a047410420eaf9faf.png,No,,No,No,17
Điện Thoại Realme C17 (6GB/128GB) - Hàng Chính Hãng,4790000,Yes,No,5,6985410815014,https://tiki.vn/dien-thoai-realme-c17-6gb-128gb-hang-chinh-hang-p73547373.html?src=ss-organic,5,https://salt.tikicdn.com/cache/280x280/ts/product/99/ae/8b/6b67bc0a3b9af5293e22b45ce7851ea2.jpg,No,,Yes,No,9
Điện Thoại Di Động GSM ZONO N8110 2.4inch – Hàng Nhập Khẩu - Vàng,209000,Yes,No,33,8789830696967,https://tiki.vn/dien-thoai-di-dong-gsm-zono-n8110-2-4inch-hang-nhap-khau-vang-p75453884.html?src=ss-organic,0,https://salt.tikicdn.com/cache/280x280/ts/product/2d/c1/61/0d6e02395e388efd5960d48eb3a36e3a.jpg,No,,No,No,40
Máy tính bảng HUAWEI MatePad T 10s - Hàng Phân Phối Chính Hãng,5090000,Yes,No,3,9308189838539,https://tiki.vn/may-tinh-bang-huawei-matepad-t-10s-hang-phan-phoi-chinh-hang-p75321722.html?src=ss-organic,5,https://salt.tikicdn.com/cache/280x280/ts/product/51/2c/3e/a689c360b684267aefd17b9e10e4b4fd.jpg,Yes,,Yes,No,7
Máy tính bảng Kindle Fire HD8 Plus 2020 - Ram 3Gb - 32Gb - Hàng nhập khẩu,2550000,No,No,6,8128713384025,https://tiki.vn/may-tinh-bang-kindle-fire-hd8-plus-2020-ram-3gb-32gb-hang-nhap-khau-p67087279.html?spid=67243939&src=ss-organic,5,https://salt.tikicdn.com/cache/280x280/ts/product/63/77/64/da9b9ea9ff163c50693c85751ee4ec92.jpg,No,,No,No,20
Điện Thoại Di Động GSM ZONO N8110 1.8inch – Hàng Nhập Khẩu,149000,Yes,No,69,7559132759704,https://tiki.vn/dien-thoai-di-dong-gsm-zono-n8110-1-8inch-hang-nhap-khau-p3666899.html?src=ss-organic,0,https://salt.tikicdn.com/cache/280x280/ts/product/83/d2/f7/1d1c2828ba8a4f130ab4e394da551284.jpg,No,,No,No,55
Điện Thoại Vsmart Star 5 (4GB/64GB) - Hàng Chính Hãng,3090000,Yes,No,0,9937562322461,https://tiki.vn/dien-thoai-vsmart-star-5-4gb-64gb-hang-chinh-hang-p91455867.html?src=ss-organic,0,https://salt.tikicdn.com/cache/280x280/ts/product/51/28/91/326479a20c75f8245b23177a0f7c306a.jpg,No,,No,No,6
"Máy Tính Bảng Samsung Galaxy Tab A8 8"" T295 - Đã Kích Hoạt Bảo Hành - Hàng Chính Hãng",2990000,Yes,Yes,16,2148779508568,https://tiki.vn/may-tinh-bang-samsung-galaxy-tab-a8-8-t295-2019-da-kich-hoat-bao-hanh-hang-chinh-hang-p23258088.html?spid=34114028&src=ss-organic,0,https://salt.tikicdn.com/ts/upload/f3/74/46/f4c52053d220e94a047410420eaf9faf.png,No,,No,No,19
Điện thoại Bphone B86 - Hàng chính hãng,8990000,No,No,31,9715669404908,https://tiki.vn/dien-thoai-bphone-b86-hang-chinh-hang-p68527587.html?src=ss-organic,0,https://salt.tikicdn.com/cache/280x280/ts/product/58/16/ed/3f37523f2a1615cb9d3a7fdd32712167.jpg,Yes,,No,No,0
Máy đọc sách Kindle Oasis 3 - Bản Mỹ - Hàng nhập khẩu,6390000,No,Yes,12,4379444626906,https://tiki.vn/may-doc-sach-kindle-oasis-3-ban-my-hang-nhap-khau-p72284060.html?src=ss-organic,0,https://salt.tikicdn.com/ts/upload/f3/74/46/f4c52053d220e94a047410420eaf9faf.png,No,,No,No,28
Điện thoại Huawei Nova 7i 8G/128G Sạc nhanh 40W - Hàng Phân Phối Chính Hãng,5990000,Yes,No,5,2343648851398,https://tiki.vn/dien-thoai-huawei-nova-7i-8g-128g-sac-nhanh-40w-hang-phan-phoi-chinh-hang-p74556930.html?src=ss-organic,0,https://salt.tikicdn.com/cache/280x280/ts/product/a9/5d/47/dcadddb40455d3fd2fad8ad9fff7bcbe.jpg,No,,Yes,No,14
Điện Thoại Nokia 5310 (2020) - Hàng Chính Hãng,919000,No,No,6,2974750014922,https://tiki.vn/dien-thoai-nokia-5310-2020-hang-chinh-hang-p51326736.html?src=ss-organic,0,https://salt.tikicdn.com/cache/280x280/ts/product/40/bf/5b/7c07db5ba824d7c56d6cacead5559f5a.jpg,No,,No,No,7
Điện thoại Realme C20 (2GB/32GB)- Hàng chính hãng,2290000,No,No,4,5898086172101,https://tiki.vn/dien-thoai-realme-c20-2gb-32gb-hang-chinh-hang-p76589453.html?src=ss-organic,5,https://salt.tikicdn.com/cache/280x280/ts/product/30/52/10/3ae18c87c99e78375218e679a71b2c18.jpg,No,,No,No,15
Máy Đọc Sách Kindle Gen 10 - 2019 (4GB) - Hàng Nhập Khẩu,2190000,No,No,2,8392300316618,https://tiki.vn/may-doc-sach-kindle-gen-10-2019-4gb-hang-nhap-khau-p28623307.html?src=ss-organic,0,https://salt.tikicdn.com/cache/280x280/ts/product/11/03/ca/2af2ea0d7bc77094025669a7ce966003.jpg,No,,No,No,29
Điện thoại Samsung Galaxy A32-Đã Kích Hoạt Bảo Hành Điện Tử-Hàng Chính Hãng,5490000,Yes,No,0,6526934478008,https://tiki.vn/dien-thoai-samsung-galaxy-a32-da-kich-hoat-bao-hanh-dien-tu-hang-chinh-hang-p88191483.html?src=ss-organic,0,https://salt.tikicdn.com/cache/280x280/ts/product/92/69/0a/3c5be618e6e751c33617cdc62e0d1111.jpg,No,,No,No,18
Điện Thoại Samsung Galaxy S20 FE - Hàng Chính Hãng - ĐÃ KÍCH HOẠT BẢO HÀNH ĐIỆN TỬ ,10990000,Yes,Yes,0,1103699565250,https://tiki.vn/dien-thoai-samsung-galaxy-s20-fe-hang-chinh-hang-da-kich-hoat-bao-hanh-dien-tu-p92680849.html?src=ss-organic,0,https://salt.tikicdn.com/ts/upload/f3/74/46/f4c52053d220e94a047410420eaf9faf.png,No,,No,No,31
Điện thoại Nokia 150 (2020) - Hàng chính hãng - Đen,609000,No,No,7,2952863401396,https://tiki.vn/dien-thoai-nokia-150-2020-hang-chinh-hang-den-p58263379.html?src=ss-organic,0,https://salt.tikicdn.com/cache/280x280/ts/product/a5/2f/45/2d46649b794bb35793ce942cde83a4c2.png,No,,No,No,8
iPad Mini 5 Wi-Fi 64GB - Hàng Nhập Khẩu,10900000,No,Yes,2,8766948333014,https://tiki.vn/ipad-mini-5-wi-fi-64gb-hang-nhap-khau-p37299479.html?src=ss-organic,0,https://salt.tikicdn.com/ts/upload/f3/74/46/f4c52053d220e94a047410420eaf9faf.png,No,,Yes,No,9
Điện thoại Huawei P40 Pro (8GB/256GB) - Hàng Phân Phối Chính Hãng,19990000,Yes,No,2,9323334678112,https://tiki.vn/dien-thoai-huawei-p40-pro-8gb-256gb-hang-phan-phoi-chinh-hang-p74556870.html?src=ss-organic,0,https://salt.tikicdn.com/cache/280x280/ts/product/e0/42/62/ead743d83590c7bb8b925e42b2630603.jpg,Yes,,Yes,No,17
Máy đọc sách Kindle Paperwhite gen 4 (10th) - Hàng nhập khẩu ,2950000,No,Yes,5,9167684407394,https://tiki.vn/may-doc-sach-kindle-paperwhite-gen-4-10th-hang-nhap-khau-p72635454.html?src=ss-organic,0,https://salt.tikicdn.com/ts/upload/f3/74/46/f4c52053d220e94a047410420eaf9faf.png,No,,No,No,18
Điện thoại Masstel IZI 230,309000,No,No,1,2538665486054,https://tiki.vn/dien-thoai-masstel-izi-230-p73280676.html?src=ss-organic,0,https://salt.tikicdn.com/cache/280x280/ts/product/c9/1a/3b/4441b25ab41424bc13bdf64471966a17.jpg,Yes,,No,No,12
Điện thoại Huawei P40 Pro (8GB/256GB) - Hàng Phân Phối Chính Hãng,19990000,Yes,No,2,9323334678112,https://tiki.vn/dien-thoai-huawei-p40-pro-8gb-256gb-hang-phan-phoi-chinh-hang-p74556870.html?src=ss-organic,0,https://salt.tikicdn.com/cache/280x280/ts/product/e0/42/62/ead743d83590c7bb8b925e42b2630603.jpg,Yes,,Yes,No,17
Điện Thoại Nokia 5310 (2020) - Hàng Chính Hãng,919000,No,No,6,2974750014922,https://tiki.vn/dien-thoai-nokia-5310-2020-hang-chinh-hang-p51326736.html?src=ss-organic,0,https://salt.tikicdn.com/cache/280x280/ts/product/40/bf/5b/7c07db5ba824d7c56d6cacead5559f5a.jpg,No,,No,No,7
Điện thoại Samsung E1200 - Hàng Chính Hãng ,347000,Yes,Yes,42,6548622067215,https://tiki.vn/dien-thoai-samsung-e1200-hang-chinh-hang-p3729945.html?src=ss-organic,0,https://salt.tikicdn.com/ts/upload/f3/74/46/f4c52053d220e94a047410420eaf9faf.png,No,,No,No,0
Điện thoại Nokia 150 (2020) - Hàng chính hãng - Đen,609000,No,No,7,2952863401396,https://tiki.vn/dien-thoai-nokia-150-2020-hang-chinh-hang-den-p58263379.html?src=ss-organic,0,https://salt.tikicdn.com/cache/280x280/ts/product/a5/2f/45/2d46649b794bb35793ce942cde83a4c2.png,No,,No,No,8
Điện thoại Masstel IZI 230,309000,No,No,1,2538665486054,https://tiki.vn/dien-thoai-masstel-izi-230-p73280676.html?src=ss-organic,0,https://salt.tikicdn.com/cache/280x280/ts/product/c9/1a/3b/4441b25ab41424bc13bdf64471966a17.jpg,Yes,,No,No,12
Điện thoại Energizer Power Max P20 kiêm sạc dự phòng - Hàng chính hãng,529000,Yes,No,26,2622049632349,https://tiki.vn/dien-thoai-energizer-power-max-p20-kiem-sac-du-phong-hang-chinh-hang-p54637084.html?src=ss-organic,0,https://salt.tikicdn.com/cache/280x280/ts/product/c8/cb/2a/d52fa4ec54844c260e2906e8c6957a30.jpg,Yes,,No,No,34
iPad Mini 5 Wi-Fi 64GB - Hàng Nhập Khẩu,10900000,No,Yes,2,8766948333014,https://tiki.vn/ipad-mini-5-wi-fi-64gb-hang-nhap-khau-p37299479.html?src=ss-organic,0,https://salt.tikicdn.com/ts/upload/f3/74/46/f4c52053d220e94a047410420eaf9faf.png,No,,Yes,No,9
"Ulefone Armor X ( chống nước,chống va đập,pin 5.000mAh ) hàng chính hãng",2990000,No,Yes,32,7762173325757,https://tiki.vn/ulefone-armor-x-chong-nuoc-chong-va-dap-pin-5-500mah-hang-chinh-hang-p29931445.html?spid=29931447&src=ss-organic,0,https://salt.tikicdn.com/ts/upload/f3/74/46/f4c52053d220e94a047410420eaf9faf.png,Yes,,No,No,25
Điện thoại Nokia 105- Dual sim (2 sim)- Hàng chính hãng,335000,No,No,4,1271689156114,https://tiki.vn/dien-thoai-nokia-105-dual-sim-2-sim-hang-chinh-hang-p74176622.html?src=ss-organic,0,https://salt.tikicdn.com/assets/img/image.svg,No,,No,No,7
Điện Thoại Samsung Galaxy A10s (32GB/2GB) - Hàng Chính Hãng - Đã Kích Hoạt Bảo Hành Điện Tử,2390000,No,Yes,7,9319785061092,https://tiki.vn/dien-thoai-samsung-galaxy-a10s-32gb-2gb-hang-chinh-hang-da-kich-hoat-bao-hanh-dien-tu-p29396058.html?src=ss-organic,0,https://salt.tikicdn.com/ts/upload/f3/74/46/f4c52053d220e94a047410420eaf9faf.png,No,,No,No,35
Điện Thoại Xiaomi Mi 10T Pro 5G (8GB/256GB) - Hàng Chính Hãng,11320000,No,No,0,1656438060553,https://tiki.vn/dien-thoai-xiaomi-mi-10t-pro-5g-8gb-256gb-hang-chinh-hang-p73642786.html?src=ss-organic,0,https://salt.tikicdn.com/cache/280x280/ts/product/08/fd/a4/5d6448176bfb08438318e9e8c5bfce94.png,No,,No,No,13
Điện thoại Samsung Galaxy A32-Đã Kích Hoạt Bảo Hành Điện Tử-Hàng Chính Hãng,5490000,Yes,No,0,6526934478008,https://tiki.vn/dien-thoai-samsung-galaxy-a32-da-kich-hoat-bao-hanh-dien-tu-hang-chinh-hang-p88191483.html?src=ss-organic,0,https://salt.tikicdn.com/cache/280x280/ts/product/92/69/0a/3c5be618e6e751c33617cdc62e0d1111.jpg,No,,No,No,18
iPad Pro 12.9 inch (2020) 128GB Wifi Cellular- Hàng  Chính Hãng,27990000,Yes,No,1,2485358802267,https://tiki.vn/ipad-pro-12-9-inch-2020-128gb-wifi-cellular-hang-chinh-hang-p76308647.html?src=ss-organic,0,https://salt.tikicdn.com/cache/280x280/ts/product/3e/01/d7/319ca4cda6e9f29fa7513b91132e9f63.jpg,Yes,,Yes,No,13
iPad Pro 12.9 inch (2020) Wifi - Hàng Nhập Khẩu,24600000,No,Yes,16,7351190386898,https://tiki.vn/ipad-pro-12-9-inch-2020-wifi-hang-nhap-khau-p52675635.html?src=ss-organic,0,https://salt.tikicdn.com/ts/upload/f3/74/46/f4c52053d220e94a047410420eaf9faf.png,No,,Yes,No,12
Máy Tính Bảng Masstel Tab 10 4G - Hàng Chính Hãng,2990000,No,No,1,6627428328619,https://tiki.vn/may-tinh-bang-masstel-tab-10-4g-hang-chinh-hang-p76358835.html?src=ss-organic,0,https://salt.tikicdn.com/cache/280x280/ts/product/c1/bf/f5/49a279dea78b383333811138948672c2.jpg,Yes,,No,No,6
ĐIỆN THOẠI VIVO Y12S- HÀNG CHÍNH HÃNG,2790000,No,No,0,5707188073225,https://tiki.vn/dien-thoai-vivo-y12s-hang-chinh-hang-p81140794.html?spid=83336007&src=ss-organic,0,https://salt.tikicdn.com/cache/280x280/ts/product/af/5d/4b/f7c6076622a91b4b2cf7b956d6357496.jpg,No,,No,No,7
Máy Tính Bảng Kindle Fire HD10(9th) 32GB (2019) - Hàng Nhập Khẩu - Balck,3450000,No,No,0,9369900419958,https://tiki.vn/may-tinh-bang-kindle-fire-hd10-9th-32gb-2019-hang-nhap-khau-balck-p58245791.html?src=ss-organic,0,https://salt.tikicdn.com/cache/280x280/ts/product/c1/09/a6/d5d4cf143c7e8b7faffaf937f3f003df.jpg,No,,No,No,16
Điện Thoại Samsung Galaxy A31 (128GB/6GB) - Hàng Chính Hãng,5290000,No,No,16,7532089228509,https://tiki.vn/dien-thoai-samsung-galaxy-a31-128gb-6gb-hang-chinh-hang-p54700224.html?src=ss-organic,0,https://salt.tikicdn.com/cache/280x280/ts/product/d4/a3/d5/58f3f8de4d2c12008915447874f99551.jpg,No,,Yes,No,18
Điện thoại Mobell M889 - Hàng chính hãng,379000,Yes,No,22,2896161774021,https://tiki.vn/dien-thoai-mobell-m889-hang-chinh-hang-p53245077.html?src=ss-organic,4,https://salt.tikicdn.com/cache/280x280/ts/product/d3/65/ea/330c7771839dfe5a9d412b2da3e7f58e.png,No,,No,No,5
Điện Thoại Samsung Galaxy S20 FE - Hàng Chính Hãng - ĐÃ KÍCH HOẠT BẢO HÀNH ĐIỆN TỬ ,10990000,Yes,Yes,0,1103699565250,https://tiki.vn/dien-thoai-samsung-galaxy-s20-fe-hang-chinh-hang-da-kich-hoat-bao-hanh-dien-tu-p92680849.html?src=ss-organic,0,https://salt.tikicdn.com/ts/upload/f3/74/46/f4c52053d220e94a047410420eaf9faf.png,No,,No,No,31
Điện thoại Energizer E20 -Hàng Chính Hãng,559000,Yes,No,25,5003036700581,https://tiki.vn/dien-thoai-energizer-e20-hang-chinh-hang-p54632975.html?src=ss-organic,0,https://salt.tikicdn.com/cache/280x280/ts/product/bc/bc/10/92853a3c0b6c9d83183296363691a3a6.jpg,No,,No,No,38
Máy Đọc Sách Kindle Paperwhite Gen 10 -  Hàng Mỹ,3090000,No,Yes,2,5945628925470,https://tiki.vn/may-doc-sach-kindle-paperwhite-gen-10-hang-my-p11254535.html?src=ss-organic,0,https://salt.tikicdn.com/ts/upload/f3/74/46/f4c52053d220e94a047410420eaf9faf.png,No,,No,No,26
Máy đọc sách Amazon Kindle Oasis 2 - dung lượng 32gb - Chính hãng Amazon - Hàng nhập khẩu,5650000,No,No,12,2746833232789,https://tiki.vn/may-doc-sach-amazon-kindle-oasis-2-dung-luong-32gb-chinh-hang-amazon-hang-nhap-khau-p43865002.html?src=ss-organic,0,https://salt.tikicdn.com/cache/280x280/ts/product/c8/b9/76/35d05ba2b9ecaa9186d5ed98c24f2bfb.jpg,No,,Yes,No,34
Điện thoại bàn không dây Panasonic KX-TGB110-Hàng Chính Hãng,680000,No,No,18,4961986309050,https://tiki.vn/dien-thoai-ban-khong-day-panasonic-kx-tgb110-hang-chinh-hang-p11251951.html?src=ss-organic,0,https://salt.tikicdn.com/cache/280x280/ts/product/7f/27/33/3d7be765dcdfd3c03ae0883b92ce0ff6.jpg,No,,No,No,29
Điện Thoại Di Động GSM ZONO N8110 2.4inch - Hàng Nhập Khẩu,209000,Yes,No,239,3205749079967,https://tiki.vn/dien-thoai-di-dong-gsm-zono-n8110-2-4inch-hang-nhap-khau-p3717703.html?src=ss-organic,0,https://salt.tikicdn.com/cache/280x280/ts/product/eb/c2/34/29fe6f30f28dc8f88dec31ca0ba10f26.jpg,No,,No,No,60
Điện Thoại Phổ Thông Coolpad F212 màn hình 2.4 inch 2 SIM-Màu Xanh đen -Hàng Chính Hãng,239000,No,No,1,7931784600934,https://tiki.vn/dien-thoai-pho-thong-coolpad-f212-man-hinh-2-4-inch-2-sim-mau-xanh-den-hang-chinh-hang-p78527518.html?src=ss-organic,0,https://salt.tikicdn.com/cache/280x280/ts/product/6a/66/8b/8e457c2bbdf64cd1260dc117d5018f8c.jpg,No,,No,No,47
Điện Thoại Nokia 230 Dual SIM - Hàng Chính Hãng,1130000,Yes,No,0,1157164158760,https://tiki.vn/dien-thoai-nokia-230-dual-sim-hang-chinh-hang-p177294.html?src=ss-organic,0,https://salt.tikicdn.com/cache/280x280/media/catalog/product/d/e/denbac_1.u2751.d20170317.t175301.311371.jpg,No,,No,No,19
Điện Thoại Smartphone DXD 20Pro Hàng Chính Hãng,1090000,No,Yes,9,6738797442768,https://tiki.vn/dien-thoai-smartphone-dxd-20pro-hang-chinh-hang-p55518608.html?src=ss-organic,0,https://salt.tikicdn.com/ts/upload/f3/74/46/f4c52053d220e94a047410420eaf9faf.png,No,,No,No,22
Máy đọc sách Onyx Boox Nova 3- Hàng Chính Hãng,8789000,No,Yes,2,3845290275265,https://tiki.vn/may-doc-sach-onyx-boox-nova-3-hang-chinh-hang-p76798342.html?src=ss-organic,0,https://salt.tikicdn.com/ts/upload/f3/74/46/f4c52053d220e94a047410420eaf9faf.png,No,,No,No,8
Máy đọc sách Kindle PaperWhite gen 4 (10th) - Bản 32 GB - Hàng chính hãng,3720000,No,No,6,8946166593913,https://tiki.vn/may-doc-sach-kindle-paperwhite-2018-gen-4-10th-ban-32-gb-hang-chinh-hang-p6598039.html?src=ss-organic,0,https://salt.tikicdn.com/cache/280x280/ts/product/be/f2/ba/7c5e015111d8a91615f60b4d5194a9b1.jpg,No,,No,No,17
Điện Thoại Bàn Panasonic KX-TS500MX - Hàng Chính Hãng,242990,No,No,52,7752698747868,https://tiki.vn/dien-thoai-ban-panasonic-kx-ts500mx-hang-chinh-hang-p11213994.html?src=ss-organic,0,https://salt.tikicdn.com/cache/280x280/ts/product/35/43/37/5d0406c34b5bb69dbbcbb313a9dc7089.jpg,No,,No,No,46
Điện Thoại Mobell ROCK 3 - Hàng Chính Hãng,489000,No,No,13,3957423231832,https://tiki.vn/dien-thoai-mobell-rock-3-hang-chinh-hang-p10766617.html?src=ss-organic,0,https://salt.tikicdn.com/cache/280x280/ts/product/d6/e2/d9/c5a4e5fe51d238b9ba54290eb03f6fd5.jpg,Yes,,No,No,29
Điện Thoại Samsung Galaxy A21s - Hàng Chính Hãng,4050000,Yes,No,0,7167835889934,https://tiki.vn/dien-thoai-samsung-galaxy-a21s-hang-chinh-hang-p56025835.html?src=ss-organic,0,https://salt.tikicdn.com/cache/280x280/ts/product/13/9a/1d/9be8983c341e1cc1945f2672fbfb86dc.jpg,Yes,,No,No,29
Điện thoại Vivo V20 (8GB/128GB) - Hàng Chính Hãng,7589000,Yes,No,8,1629603421358,https://tiki.vn/dien-thoai-vivo-v20-8gb-128gb-hang-chinh-hang-p70833091.html?src=ss-organic,5,https://salt.tikicdn.com/cache/280x280/ts/product/0e/56/e6/b979cd050ba89051b9ae91f897bb416b.jpg,No,,No,No,11
"Điện thoại itel Value100 - Màn hình 1.77'', 256.000 màu, 2 sim, Danh bạ 1000 số - Hàng chính hãng",170000,Yes,No,8,9590857648568,https://tiki.vn/dien-thoai-itel-value100-man-hinh-1-77-256-000-mau-2-sim-danh-ba-1000-so-hang-chinh-hang-p74459767.html?src=ss-organic,0,https://salt.tikicdn.com/cache/280x280/ts/product/7d/49/b5/67175ee853defac3bab2ee3fe0507c21.png,No,,No,No,0
Điện thoại Mobell C310 - Hàng chính hãng,199000,Yes,No,45,2435701564540,https://tiki.vn/dien-thoai-mobell-c310-hang-chinh-hang-p52347882.html?src=ss-organic,0,https://salt.tikicdn.com/cache/280x280/ts/product/5e/1a/3e/0d5c6697b27fc229f3e459f74d42b71e.png,No,,No,No,33
Điện thoại Energizer E100 -Hàng  Chính Hãng,419000,Yes,No,19,1686295968097,https://tiki.vn/dien-thoai-energizer-e100-hang-chinh-hang-p49541097.html?src=ss-organic,0,https://salt.tikicdn.com/cache/280x280/ts/product/98/25/89/eb16c85cd762e6a276774d5678ec3cdf.jpg,No,,No,No,48
Điện thoại Vsmart Live 4,3900000,No,No,6,7773098104358,https://tiki.vn/dien-thoai-vsmart-live-4-p63084235.html?src=ss-organic,0,https://salt.tikicdn.com/cache/280x280/ts/product/17/9f/61/6468dd378f9648b1856399657335b2b8.png,No,,No,No,17
Điện thoại Bphone 3 Pro - Hàng chính hãng,6493500,No,No,5,7380594501903,https://tiki.vn/dien-thoai-bphone-3-pro-hang-chinh-hang-p68521343.html?src=ss-organic,5,https://salt.tikicdn.com/cache/280x280/ts/product/f2/0b/e0/e2459f1ca0d50fb2bed58b7117f3b810.jpg,Yes,,Yes,No,35
"Máy đọc sách Kobo Clara HD 8GB đen, 6 inch, có đèn cam - Hàng nhập khẩu",3245000,No,No,4,2956945853043,https://tiki.vn/may-doc-sach-kobo-clara-8gb-den-6-inch-co-den-cam-hang-nhap-khau-p72290345.html?spid=77874198&src=ss-organic,5,https://salt.tikicdn.com/cache/280x280/ts/product/f0/04/a4/8daf08244f9766c75ece956b9edcb0b9.png,No,,No,No,35
Máy Tính Bảng Samsung Galaxy Tab S6 Lite (4GB/64GB) SM-P615 ĐÃ KÍCH HOẠT BẢO HÀNH ĐIỆN TỬ - Hàng Chính Hãng,7990000,Yes,No,2,4912205020828,https://tiki.vn/may-tinh-bang-samsung-galaxy-tab-s6-lite-4gb-64gb-sm-p615-da-kich-hoat-bao-hanh-dien-tu-hang-chinh-hang-p82075493.html?src=ss-organic,0,https://salt.tikicdn.com/cache/280x280/ts/product/d8/5e/3f/fda834f143980a0c50d46bafcdecbffa.png,No,,Yes,No,20
Điện Thoại iPhone 11 Pro Max 64GB  - Hàng  Nhập Khẩu,26959000,No,No,15,9346809776809,https://tiki.vn/dien-thoai-iphone-11-pro-max-64gb-hang-nhap-khau-p33928555.html?src=ss-organic,0,https://salt.tikicdn.com/cache/280x280/ts/product/86/db/bc/7f922fe77cc59651f577571a676552b9.png,No,,No,No,29
Điện Thoại Bàn Panasonic KX-TS500 - Hàng Chính Hãng,244000,No,No,61,3996668366206,https://tiki.vn/dien-thoai-ban-panasonic-kx-ts500-hang-chinh-hang-p4048043.html?src=ss-organic,0,https://salt.tikicdn.com/cache/280x280/ts/product/e3/71/9a/a23456e6289f71d29205541a8fb7c353.jpg,Yes,,No,No,9
Điện Thoại Masstel IZI 300 - Hàng Chính Hãng,329000,No,No,1,5456537964158,https://tiki.vn/dien-thoai-masstel-izi-300-hang-chinh-hang-p35527589.html?src=ss-organic,0,https://salt.tikicdn.com/cache/280x280/ts/product/c3/18/54/b45add752ea5eac32bb6076e601c699f.jpg,Yes,,No,No,33
Điện thoại Masstel Izi 112 - Hàng chính hãng,215000,Yes,No,2,3604566286969,https://tiki.vn/dien-thoai-masstel-izi-112-hang-chinh-hang-p22052301.html?src=ss-organic,0,https://salt.tikicdn.com/cache/280x280/ts/product/ff/a4/3f/dd44475072a035bd09e52b2d234b9352.png,No,,No,No,26
iPad Pro 11 inch Wifi 2020 - Hàng Nhập Khẩu ,21000000,No,Yes,23,4140920110185,https://tiki.vn/ipad-pro-11-inch-wifi-2020-hang-nhap-khau-p52675312.html?src=ss-organic,0,https://salt.tikicdn.com/ts/upload/f3/74/46/f4c52053d220e94a047410420eaf9faf.png,No,,Yes,No,12
Máy đọc sách Amazon Kindle Oasis 2 - dung lượng 8GB - Hàng nhập khẩu,5299000,No,No,3,6439625879755,https://tiki.vn/may-doc-sach-amazon-kindle-oasis-2-dung-luong-8gb-hang-nhap-khau-p41318754.html?src=ss-organic,5,https://salt.tikicdn.com/cache/280x280/ts/product/39/7f/dc/19d46d2b70824d982999426c5a5bdb0a.jpg,No,,Yes,No,17
Điện Thoại Coolpad F110 - Hàng Chính Hãng,180000,No,No,3,3018198897555,https://tiki.vn/dien-thoai-coolpad-f110-hang-chinh-hang-p21129624.html?src=ss-organic,0,https://salt.tikicdn.com/cache/280x280/ts/product/32/6d/d8/1fe01cb788b24fa9de91c171cd39863c.jpg,No,,No,No,5
ĐIỆN THOẠI VIVO Y12S- HÀNG CHÍNH HÃNG,2790000,No,No,0,5707188073225,https://tiki.vn/dien-thoai-vivo-y12s-hang-chinh-hang-p81140794.html?spid=83336007&src=ss-organic,0,https://salt.tikicdn.com/cache/280x280/ts/product/af/5d/4b/f7c6076622a91b4b2cf7b956d6357496.jpg,No,,No,No,7
"ĐIỆN THOẠI DI ĐỘNG NGƯỜI GIÀ MASSTEL FAMI 11,loa to, sóng khỏe,2 sim,bàn phím đọc số,FM không dây,dùng sim Viettel,Vinaphone,Mobifone hàng chính hãng",325000,Yes,No,22,4363783492124,https://tiki.vn/dien-thoai-di-dong-nguoi-gia-masstel-fami-11-loa-to-song-khoe-2-sim-ban-phim-doc-so-fm-khong-day-dung-sim-viettel-vinaphone-mobifone-hang-chinh-hang-p69060449.html?src=ss-organic,0,https://salt.tikicdn.com/cache/280x280/ts/product/3a/80/ed/b27e0283a9b2f1f8b94241045e1437d2.png,No,,No,No,46
Điện Thoại Nokia 210 - Hàng Chính Hãng,729000,No,No,2,1393640235963,https://tiki.vn/dien-thoai-nokia-210-hang-chinh-hang-p12539362.html?src=ss-organic,0,https://salt.tikicdn.com/cache/280x280/ts/product/71/a7/63/7157e39d6e80ff98ace586ece0d8dbd7.jpg,No,,No,No,6
"Điện thoại itel it5025 - Màn hình 2.4"", pin 1200 mAh, 2 sim, có camera - Hàng chính hãng",260000,Yes,No,4,3984653748229,https://tiki.vn/dien-thoai-itel-it5025-man-hinh-2-4-pin-1200-mah-2-sim-co-camera-hang-chinh-hang-p76265784.html?src=ss-organic,0,https://salt.tikicdn.com/cache/280x280/ts/product/29/0b/b5/a325b968ee9da6c7aacd7d56fd307a9c.png,No,,No,No,13
iPad Pro 11 inch Wifi 2020 - Hàng Nhập Khẩu ,21000000,No,Yes,23,4140920110185,https://tiki.vn/ipad-pro-11-inch-wifi-2020-hang-nhap-khau-p52675312.html?src=ss-organic,0,https://salt.tikicdn.com/ts/upload/f3/74/46/f4c52053d220e94a047410420eaf9faf.png,No,,Yes,No,12
Điện thoại để bàn Panasonic KX TSC11MX hàng chính hãng,479900,No,Yes,7,2068845884290,https://tiki.vn/dien-thoai-de-ban-panasonic-kx-tsc11mx-hang-chinh-hang-p16523479.html?src=ss-organic,4,https://salt.tikicdn.com/ts/upload/f3/74/46/f4c52053d220e94a047410420eaf9faf.png,No,,No,No,26
Máy đọc sách Amazon Kindle Paperwhite 4 Gen 10 (2019) - Hàng nhập khẩu,3039000,No,No,17,4294160224932,https://tiki.vn/may-doc-sach-amazon-kindle-paperwhite-4-gen-10-2019-hang-nhap-khau-p35170466.html?src=ss-organic,0,https://salt.tikicdn.com/cache/280x280/ts/product/8c/76/8f/e2994fbebad248e88efd211d1b4379cd.jpg,No,,Yes,No,28
Điện thoại Samsung Galaxy S21 5G -ĐÃ KÍCH HOẠT BẢO HÀNH ĐIỆN TỬ - HÀNG CHÍNH HÃNG,15990000,Yes,Yes,0,6258548064284,https://tiki.vn/dien-thoai-samsung-galaxy-s21-5g-da-kich-hoat-bao-hanh-dien-tu-hang-chinh-hang-p92680185.html?src=ss-organic,0,https://salt.tikicdn.com/ts/upload/f3/74/46/f4c52053d220e94a047410420eaf9faf.png,No,,No,No,45
Điện thoại bàn không dây Panasonic KX-TGF310 - Hàng Chính Hãng,1860000,No,No,10,7468007247607,https://tiki.vn/dien-thoai-ban-khong-day-panasonic-kx-tgf310-hang-chinh-hang-p21317020.html?src=ss-organic,5,https://salt.tikicdn.com/cache/280x280/ts/product/01/79/d6/3993a1a8ba77d5dfb475e5b5613c3a97.jpg,No,,No,No,26
Điện Thoại Vivo V20 SE (8GB/128GB) - Hàng Chính Hãng,6309000,Yes,No,0,6175761863097,https://tiki.vn/dien-thoai-vivo-v20-se-8gb-128gb-hang-chinh-hang-p73682812.html?src=ss-organic,0,https://salt.tikicdn.com/cache/280x280/ts/product/ff/0a/ec/cb479a09ae67f2c44e865e5d7bfc1f20.jpg,No,,No,No,12
Điện thoại Masstel Play 50 - Hàng Chính Hãng,459000,Yes,No,3,6160239791828,https://tiki.vn/dien-thoai-masstel-play-50-hang-chinh-hang-p73271125.html?src=ss-organic,0,https://salt.tikicdn.com/cache/280x280/ts/product/e1/e5/95/d33ab4fdd02786c2ab159ab98e33862d.jpg,No,,No,No,8
Điện Thoại iPhone 11 Pro Max 64GB  - Hàng  Nhập Khẩu,26959000,No,No,15,9346809776809,https://tiki.vn/dien-thoai-iphone-11-pro-max-64gb-hang-nhap-khau-p33928555.html?src=ss-organic,0,https://salt.tikicdn.com/cache/280x280/ts/product/86/db/bc/7f922fe77cc59651f577571a676552b9.png,No,,No,No,29
Điện Thoại Bàn Panasonic KX-T7700X - Hàng Chính Hãng,299000,No,No,3,3618407067013,https://tiki.vn/dien-thoai-ban-panasonic-kx-t7700x-hang-chinh-hang-p30191778.html?src=ss-organic,0,https://salt.tikicdn.com/cache/280x280/ts/product/da/39/55/a2eed17459b10b0511d660e14263cd41.jpg,No,,No,No,7
Điện thoại di động Oukitel K7 Pro - Hàng Chính Hãng,3990000,No,Yes,9,4085241716916,https://tiki.vn/dien-thoai-di-dong-oukitel-k7-hang-chinh-hang-p3665529.html?src=ss-organic,0,https://salt.tikicdn.com/ts/upload/f3/74/46/f4c52053d220e94a047410420eaf9faf.png,No,,Yes,No,20
Máy đọc sách Amazon Kindle Oasis 2 - dung lượng 8GB - Hàng nhập khẩu,5299000,No,No,3,6439625879755,https://tiki.vn/may-doc-sach-amazon-kindle-oasis-2-dung-luong-8gb-hang-nhap-khau-p41318754.html?src=ss-organic,5,https://salt.tikicdn.com/cache/280x280/ts/product/39/7f/dc/19d46d2b70824d982999426c5a5bdb0a.jpg,No,,Yes,No,17
"Điện thoại Forme Duos 1900, màn hình 2.8inch, pin 1900mAh, font chữ lớn - Phân phối chính hãng",310000,No,No,16,9618304762077,https://tiki.vn/dien-thoai-forme-duos-1900-man-hinh-2-8inch-pin-1900mah-font-chu-lon-phan-phoi-chinh-hang-p47994410.html?spid=47994412&src=ss-organic,0,https://salt.tikicdn.com/cache/280x280/ts/product/2b/69/0b/6852ab1e8a5e531485c70d363f117adb.jpg,No,,No,No,14
"Điện thoại Vtel Happy H11 (Điện thoại cho người già - 2 Sim) - Gọi SOS khẩn,  Số To, Chữ To, Loa to, FM loa ngoài, Pin lớn, Thiết Kế Đẹp - Hàng Chính Hãng",299000,Yes,No,8,6669410651017,https://tiki.vn/dien-thoai-vtel-happy-h11-dien-thoai-cho-nguoi-gia-2-sim-goi-sos-khan-so-to-chu-to-loa-to-fm-loa-ngoai-pin-lon-thiet-ke-dep-hang-chinh-hang-p74911967.html?src=ss-organic,5,https://salt.tikicdn.com/cache/280x280/ts/product/55/7b/9f/705f0861e479a3dcf9a44e6e1642c142.png,No,,No,No,25
Điện thoại Vsmart Star 4 (3GB/32GB)-màu xanh dương-chính hãng 100%,2270000,No,No,2,7018298084117,https://tiki.vn/dien-thoai-vsmart-star-4-3gb-32gb-mau-xanh-duong-chinh-hang-100-p75515658.html?src=ss-organic,0,https://salt.tikicdn.com/cache/280x280/ts/product/c6/85/4f/3a48f55651811831791af1d2cfe6a235.jpg,No,,No,No,9
Điện thoại di động GSM Vtel A1 - Hàng chính hãng,159000,Yes,No,20,1689698016037,https://tiki.vn/dien-thoai-di-dong-gsm-vtel-a1-hang-chinh-hang-p40343230.html?src=ss-organic,0,https://salt.tikicdn.com/cache/280x280/ts/product/a6/2c/44/700172612172003e3c07a49359c169b6.png,No,,No,No,21
Điện Thoại Mobell Rock1- Hàng Chính Hãng,305000,No,No,6,2737923132287,https://tiki.vn/dien-thoai-mobell-rock1-hang-chinh-hang-p13861313.html?src=ss-organic,4,https://salt.tikicdn.com/cache/280x280/ts/product/29/51/45/0ffb80dd126a297c0aebba29bea13d00.jpg,No,,No,No,32
Điện thoại di động Forme D777 - Hàng Chính Hãng,399000,No,No,22,4367427331114,https://tiki.vn/dien-thoai-di-dong-forme-d777-hang-chinh-hang-p9727985.html?spid=9727987&src=ss-organic,0,https://salt.tikicdn.com/cache/280x280/ts/product/50/41/6b/6c87ec6482444b2be1b133a01489a0a9.jpg,No,,No,No,0
Máy Tính Bảng Kindle Fire HD8 (8th) 16GB (2019) - Hàng Chính Hãng,2099000,No,No,63,8561346577813,https://tiki.vn/may-tinh-bang-kindle-fire-hd8-8th-16gb-2019-hang-chinh-hang-p7184855.html?src=ss-organic,0,https://salt.tikicdn.com/cache/280x280/ts/product/42/8b/3c/7e5b8c460fe4446ab529b8d7516a7821.jpg,Yes,,No,No,30
Điện thoại trẻ em MKIDS - Hàng chính hãng của Viettel,400000,Yes,No,33,7081701213381,https://tiki.vn/dien-thoai-tre-em-mkids-hang-chinh-hang-cua-viettel-p1985993.html?src=ss-organic,0,https://salt.tikicdn.com/cache/280x280/ts/product/98/9d/6a/664ae40c42aa90c21512031f8da85fef.png,No,,No,No,43
Điện thoại Itel it9200 4G - Hàng chính hãng,790000,No,Yes,0,2830198643424,https://tiki.vn/dien-thoai-itel-it9200-4g-hang-chinh-hang-p87866915.html?src=ss-organic,0,https://salt.tikicdn.com/ts/upload/f3/74/46/f4c52053d220e94a047410420eaf9faf.png,No,,No,No,11
Máy Đọc Sách Kindle Fire HD 10 (Đen) - Hàng Nhập Khẩu,3200000,No,No,7,8075882681342,https://tiki.vn/may-doc-sach-kindle-fire-hd-10-den-hang-nhap-khau-p2119907.html?src=ss-organic,0,https://salt.tikicdn.com/cache/280x280/ts/product/27/db/8c/1dabc79561a94b328d6c445cf437bc27.jpg,Yes,,No,No,16
Điện thoại di động GSM Vtel C1 - Hàng chính hãng,179000,Yes,No,16,6398924774775,https://tiki.vn/dien-thoai-di-dong-gsm-vtel-c1-hang-chinh-hang-p40348221.html?src=ss-organic,0,https://salt.tikicdn.com/cache/280x280/ts/product/24/14/3d/307e8d747cea3806b599bf63846f0723.png,No,,No,No,15
Máy tính bảng Vankyo MatrixPad Z10 - Hàng Chính Hãng,4190000,No,No,0,7319552097127,https://tiki.vn/may-tinh-bang-vankyo-matrixpad-z10-hang-chinh-hang-p72310352.html?src=ss-organic,0,https://salt.tikicdn.com/cache/280x280/ts/product/d8/54/d4/750674f7a44628bb6f0082d1545cd7b2.jpg,No,,No,No,28
Máy Tính Bảng Huawei T5 10 (3GB/32GB) - Hàng Phân Phối Chính Hãng,4490000,Yes,No,3,4700331817792,https://tiki.vn/may-tinh-bang-huawei-t5-10-3gb-32gb-hang-phan-phoi-chinh-hang-p75320704.html?src=ss-organic,0,https://salt.tikicdn.com/cache/280x280/ts/product/59/a2/d3/0fd9f63cfd94d62a6a2c830d9970dd06.jpg,No,,Yes,No,10
Điện Thoại Bàn Không Dây Panasonic KX-TGC410 - Hàng Chính Hãng,999000,No,No,6,7348726329757,https://tiki.vn/dien-thoai-ban-khong-day-panasonic-kx-tgc410-hang-chinh-hang-p21317030.html?src=ss-organic,0,https://salt.tikicdn.com/cache/280x280/ts/product/93/0e/e1/ba7c657c02f03b12349595c2da9e61a8.jpg,No,,No,No,43
Điện Thoại Di Động Forme Gorilla Coffee - Hàng Chính Hãng,299000,No,No,4,4341719791244,https://tiki.vn/dien-thoai-di-dong-forme-gorilla-coffee-hang-chinh-hang-p13328288.html?src=ss-organic,0,https://salt.tikicdn.com/cache/280x280/ts/product/cf/9c/65/522eb6151f1ca535193ecc6c5427931e.jpg,No,,No,No,17
Điện Thoại iPhone 11 256GB  - Hàng Nhập Khẩu,19800000,No,Yes,0,9123550285015,https://tiki.vn/dien-thoai-iphone-11-256gb-hang-nhap-khau-p33969367.html?src=ss-organic,0,https://salt.tikicdn.com/ts/upload/f3/74/46/f4c52053d220e94a047410420eaf9faf.png,No,,Yes,No,27
"Điện thoại Vtel Happy H11 (Điện thoại cho người già - 2 Sim) - Gọi SOS khẩn,  Số To, Chữ To, Loa to, FM loa ngoài, Pin lớn, Thiết Kế Đẹp - Hàng Chính Hãng",299000,Yes,No,4,1933660062608,https://tiki.vn/dien-thoai-vtel-happy-h11-dien-thoai-cho-nguoi-gia-2-sim-goi-sos-khan-so-to-chu-to-loa-to-fm-loa-ngoai-pin-lon-thiet-ke-dep-hang-chinh-hang-p75790246.html?src=ss-organic,0,https://salt.tikicdn.com/cache/280x280/ts/product/65/fc/fb/af3beb97bf87ff8474a24f03bfa30ad1.png,No,,No,No,25
Điện Thoại Bàn Panasonic KX-TS500MX - Hàng Chính Hãng,256000,No,No,12,4233359791817,https://tiki.vn/dien-thoai-ban-panasonic-kx-ts500mx-hang-chinh-hang-p14084476.html?src=ss-organic,0,https://salt.tikicdn.com/cache/280x280/ts/product/8c/58/50/0d3e16d51e72a3812d70a9bf322a8165.jpg,No,,No,No,40
"HUAWEI P40 Pro+ 5G (8+512G)| Bộ 5 Camera Siêu Tầm Nhìn Leica, Cảm biến 1/1,28 inch | Zoom Quang Học 10x, Zoom tối đa 100x | Nano Ceramic, Màn hình 90 Hz, IP68 | Ảnh chân dung AI, HUAWEI Golden Snap | Hàng Chính Hãng",24990000,No,No,0,2895231169581,https://tiki.vn/huawei-p40-pro-5g-8-512g-bo-5-camera-sieu-tam-nhin-leica-cam-bien-1-1-28-inch-zoom-quang-hoc-10x-zoom-toi-da-100x-nano-ceramic-man-hinh-90-hz-ip68-anh-chan-dung-ai-huawei-golden-snap-hang-chinh-hang-p87054916.html?src=ss-organic,0,https://salt.tikicdn.com/cache/280x280/ts/product/d5/1b/90/55eafa91749675d930714c4dbb5546ea.jpg,No,,No,No,22
Điện thoại để bàn Panasonic KX-TS880 hàng chính hãng,845000,No,No,5,4381432283220,https://tiki.vn/dien-thoai-de-ban-panasonic-kx-ts880-hang-chinh-hang-p16521748.html?src=ss-organic,0,https://salt.tikicdn.com/cache/280x280/ts/product/66/f6/8c/d27276cd9a9849356dc5382f03a18972.jpg,No,,No,No,20
Điện thoại di động GSM Vtel C2 - Hàng chính hãng,195000,Yes,No,12,3082026026391,https://tiki.vn/dien-thoai-di-dong-gsm-vtel-c2-hang-chinh-hang-p40350394.html?src=ss-organic,0,https://salt.tikicdn.com/cache/280x280/ts/product/73/c1/40/8ff17618f21d326e73e62b51032f398d.png,No,,No,No,11
Điện Thoại Bàn Homephone lắp sim - Lắp Tất Cả Các Sim Đi Động - Di Chuyển Mang Đi Khắp Nơi - Hàng Chính Hãng,629000,No,No,1,3711677253053,https://tiki.vn/dien-thoai-ban-homephone-lap-sim-lap-tat-ca-cac-sim-di-dong-di-chuyen-mang-di-khap-noi-hang-chinh-hang-p62242668.html?src=ss-organic,0,https://salt.tikicdn.com/cache/280x280/ts/product/4c/df/7d/b76a5733e59bbee16e6c4ba773259af2.jpg,No,,No,No,40
"Điện thoại Vtel Happy H11 (Điện thoại cho người già - 2 Sim) - Gọi SOS khẩn,  Số To, Chữ To, Loa to, FM loa ngoài, Pin lớn",299000,Yes,No,2,5992897722767,https://tiki.vn/dien-thoai-vtel-happy-h11-dien-thoai-cho-nguoi-gia-2-sim-goi-sos-khan-so-to-chu-to-loa-to-fm-loa-ngoai-pin-lon-p75790376.html?src=ss-organic,0,https://salt.tikicdn.com/cache/280x280/ts/product/27/9a/6c/1119d725ae33a16ccf705d34910c2e4b.jpg,No,,No,No,25
Điện Thoại Dành Cho Người Cao Tuổi iTel 2590 - Pin Trâu - Loa To - Sóng Khỏe - Hàng Chính Hãng,465000,Yes,No,12,8768807775003,https://tiki.vn/dien-thoai-danh-cho-nguoi-cao-tuoi-itel-2590-pin-trau-loa-to-song-khoe-hang-chinh-hang-p72000836.html?src=ss-organic,0,https://salt.tikicdn.com/cache/280x280/ts/product/5a/cd/f1/ce8f61a0d2f5327652389c0b313e6e9a.jpg,No,,No,No,23
Điện thoại bàn không dây Panasonic KX-TGC412 - Hàng Chính Hãng,1380000,No,No,4,1863973677728,https://tiki.vn/dien-thoai-ban-khong-day-panasonic-kx-tgc412-hang-chinh-hang-p21466227.html?src=ss-organic,5,https://salt.tikicdn.com/cache/280x280/ts/product/20/e5/eb/ba9cba81b41bcc27f1359707ceb7fe18.jpg,No,,No,No,25
Nokia 110 Dual Sim (2019) - Xanh - Hàng chính hãng,449000,No,No,1,3067657530318,https://tiki.vn/nokia-110-dual-sim-2019-xanh-hang-chinh-hang-p35532358.html?src=ss-organic,0,https://salt.tikicdn.com/cache/280x280/ts/product/75/fd/2c/e408bf22be7c76a78a33a26afa4eb96c.png,No,,No,No,4
Máy tính bảng Kindle Fire HD 10 - Hàng Nhập Khẩu,3185000,Yes,No,3,3848900420316,https://tiki.vn/may-tinh-bang-kindle-fire-hd-10-hang-nhap-khau-p52398564.html?src=ss-organic,4,https://salt.tikicdn.com/cache/280x280/ts/product/e5/a9/f2/357827eab38a78b848d0d73c7085aa4f.jpg,No,,No,No,29
Máy Đọc Sách Likebook Mars - Hàng chính hãng,4790000,No,Yes,8,6082709517687,https://tiki.vn/may-doc-sach-likebook-mars-hang-chinh-hang-p24505295.html?src=ss-organic,0,https://salt.tikicdn.com/ts/upload/f3/74/46/f4c52053d220e94a047410420eaf9faf.png,No,,Yes,No,20
Điện Thoại Realme C12 (3GB/32GB) -Đã kích hoạt điện tử-  Hàng Chính Hãng,2650000,Yes,Yes,0,1842873473808,https://tiki.vn/dien-thoai-realme-c12-3gb-32gb-da-kich-hoat-dien-tu-hang-chinh-hang-p90331998.html?src=ss-organic,0,https://salt.tikicdn.com/ts/upload/f3/74/46/f4c52053d220e94a047410420eaf9faf.png,No,,No,No,24
Điện Thoại Huawei P30 Lite - Hàng Chính Hãng,5490000,No,No,0,2553975418380,https://tiki.vn/dien-thoai-huawei-p30-lite-hang-chinh-hang-p12630187.html?src=ss-organic,0,https://salt.tikicdn.com/cache/280x280/ts/product/73/b7/30/3c99ffe7b0debc22f87f3025082021f6.jpg,No,,Yes,No,27
Điện Thoại Bàn Panasonic KX-TSC11 - Hàng Chính Hãng,480000,No,No,11,2974966219340,https://tiki.vn/dien-thoai-ban-panasonic-kx-tsc11-hang-chinh-hang-p4048581.html?src=ss-organic,0,https://salt.tikicdn.com/cache/280x280/ts/product/1e/d0/02/a1ddac9b56a2df5a4e1aa925eab04a22.jpg,No,,No,No,13
"Điện thoại Oukitel WP6 (Chống va đập,chống nước,Ram 6Gb,Rom 128Gb,pin 10.000mAh) - Hàng chính hãng",6990000,No,Yes,0,5964494116089,https://tiki.vn/dien-thoai-oukitel-wp6-chong-va-dap-chong-nuoc-ram-6gb-rom-128gb-pin-10-000mah-hang-chinh-hang-p65091422.html?src=ss-organic,0,https://salt.tikicdn.com/ts/upload/f3/74/46/f4c52053d220e94a047410420eaf9faf.png,No,,No,No,13
Điện Thoại Bàn Panasonic KXTGD312CX - Hàng Chính Hãng,1399000,No,Yes,4,7976855932977,https://tiki.vn/dien-thoai-ban-panasonic-kxtgd312cx-hang-chinh-hang-p4065031.html?src=ss-organic,5,https://salt.tikicdn.com/ts/upload/f3/74/46/f4c52053d220e94a047410420eaf9faf.png,Yes,,No,No,24
"Điện thoại bàn cố định không dây lắp các loại sim cố định, di động Viettel, Mobi, Vina...",750000,No,No,3,5446624359615,https://tiki.vn/dien-thoai-ban-co-dinh-khong-day-lap-cac-loai-sim-co-dinh-di-dong-viettel-mobi-vina-p38309582.html?src=ss-organic,4,https://salt.tikicdn.com/cache/280x280/ts/product/f4/07/8a/ef17145fe64aaa31570d6adb7fc5d014.jpg,No,,No,No,50
"Máy đọc sách Kobo Libra H20 8GB Trắng/Đen có đèn nền vàng, chống nước - Hàng nhập khẩu",5050000,No,No,1,8639238599377,https://tiki.vn/may-doc-sach-kobo-libra-h20-8gb-trang-den-co-den-nen-vang-chong-nuoc-hang-nhap-khau-p74776150.html?src=ss-organic,0,https://salt.tikicdn.com/cache/280x280/ts/product/2c/12/8f/6530deee7b232c8616d9bb42fbe2129d.jpg,No,,No,No,16
Điện thoại bàn Không Dây Lắp Sim Homephone Hp1002c,848000,No,No,8,7362768781274,https://tiki.vn/dien-thoai-ban-khong-day-lap-sim-homephone-hp1002c-p11802138.html?src=ss-organic,0,https://salt.tikicdn.com/cache/280x280/ts/product/7e/2c/41/e400dd89007c28f526f0cb336f7e1453.png,No,,No,No,14
Điện Thoại Di Động Forme L6 Hồng - Hàng Chính Hãng,345000,No,No,16,4990389463564,https://tiki.vn/dien-thoai-di-dong-forme-l6-hong-hang-chinh-hang-p8822674.html?src=ss-organic,0,https://salt.tikicdn.com/cache/280x280/ts/product/70/9f/30/3fe8c66b99cef0a258bccd8c38043533.jpg,No,,No,No,1
Điện thoại Masstel Fami P20 - Hàng chính hãng,510000,No,No,0,1427473568025,https://tiki.vn/dien-thoai-masstel-fami-p20-hang-chinh-hang-p73247026.html?src=ss-organic,0,https://salt.tikicdn.com/cache/280x280/ts/product/11/d1/d4/75ad18eb65bd75e8511447a45b492bd3.jpg,Yes,,No,No,7
Điện thoại Bphone B86s - Hàng chính hãng,9990000,No,No,4,2963140333606,https://tiki.vn/dien-thoai-bphone-b86s-hang-chinh-hang-p71092325.html?src=ss-organic,0,https://salt.tikicdn.com/cache/280x280/ts/product/58/16/ed/a0c2bfa5d1f91dc7a88ad0625273ea42.jpg,No,,No,No,0
Điện Thoại Huawei Y9S (6G/128G) | Kirin 710F | Màn Hình Tràn Viền 6.59 Inch | Camera Selfie 16 MP Bật Lên Tự Động | Hàng Chính Hãng - Xanh Thiên Thanh,5990000,No,No,1,7164458028641,https://tiki.vn/dien-thoai-huawei-y9s-6g-128g-kirin-710f-man-hinh-tran-vien-6-59-inch-camera-selfie-16-mp-bat-len-tu-dong-hang-chinh-hang-xanh-thien-thanh-p74556919.html?src=ss-organic,0,https://salt.tikicdn.com/cache/280x280/ts/product/ea/64/ce/1f843c505056a4f5d0c1c6618044a8fc.jpg,Yes,,Yes,No,0
Điện thoại Samsung Galaxy A02s (4GB/64GB)-Đã Kích Hoạt Bảo Hành Điện Tử-Hàng Chính Hãng,2760000,No,No,0,8135772307506,https://tiki.vn/dien-thoai-samsung-galaxy-a02s-4gb-64gb-da-kich-hoat-bao-hanh-dien-tu-hang-chinh-hang-p87844791.html?src=ss-organic,0,https://salt.tikicdn.com/cache/280x280/ts/product/0c/93/95/eea4fb598e3099ff73465a9e9a8f3ada.jpg,No,,No,No,23
Điện thoại để bàn Panasonic KX-TS560 hàng chính hãng,555000,No,No,4,1094586320156,https://tiki.vn/dien-thoai-de-ban-panasonic-kx-ts560-hang-chinh-hang-p16518032.html?src=ss-organic,0,https://salt.tikicdn.com/cache/280x280/ts/product/7a/d2/f9/e2df45c90de472b9fa0ebdff56798b8b.jpg,No,,No,No,37
Máy tính bảng Vankyo MatrixPad Z4 - Hàng Chính Hãng,2790000,No,No,2,4706620848614,https://tiki.vn/may-tinh-bang-vankyo-matrixpad-z4-hang-chinh-hang-p72042234.html?src=ss-organic,0,https://salt.tikicdn.com/cache/280x280/ts/product/f6/df/81/57b93d3a68359e0bf22b2fec98c5857c.jpg,No,,No,No,39
Máy Đọc Sách Kindle Oasis 2018 (9th) - Xám Kim Loại - Hàng nhập khẩu,4950000,No,No,4,4837584611317,https://tiki.vn/may-doc-sach-kindle-oasis-2018-9th-xam-kim-loai-hang-nhap-khau-p20959363.html?src=ss-organic,5,https://salt.tikicdn.com/cache/280x280/ts/product/d0/0f/7e/72a56ead5c6c2770885c8e6e7276ab44.jpg,No,,No,No,38
Máy Đọc Sách Onyx Boox Note 3 - Hàng Chính Hãng,13790000,No,Yes,0,4989675633609,https://tiki.vn/may-doc-sach-onyx-boox-note-3-hang-chinh-hang-p76798413.html?src=ss-organic,0,https://salt.tikicdn.com/ts/upload/f3/74/46/f4c52053d220e94a047410420eaf9faf.png,No,,No,No,8
Điện thoại phổ thông người già Masstel IZI 206 - Hàng chính hãng,390000,No,No,0,8044849427170,https://tiki.vn/dien-thoai-pho-thong-nguoi-gia-masstel-izi-206-hang-chinh-hang-p6803095.html?src=ss-organic,0,https://salt.tikicdn.com/cache/280x280/ts/product/9f/2b/10/763c0f99596dc082b24034b05c050f67.png,No,,No,No,22
Điện Thoại Itel IT2163 - Hàng Chính Hãng,209000,No,No,5,5444541787849,https://tiki.vn/dien-thoai-itel-it2163-hang-chinh-hang-p23105940.html?src=ss-organic,0,https://salt.tikicdn.com/cache/280x280/ts/product/25/9b/13/dfc8d9fad14df4e1475931287e799789.jpg,No,,No,No,0
Điện thoại Black shark 3 (8GB/128GB) - Hàng QUỐC TẾ CHÍNH HÃNG,14490000,No,Yes,1,4613334579003,https://tiki.vn/dien-thoai-black-shark-3-8gb-128gb-hang-quoc-te-chinh-hang-p56519259.html?src=ss-organic,0,https://salt.tikicdn.com/ts/upload/f3/74/46/f4c52053d220e94a047410420eaf9faf.png,Yes,,No,No,3
Máy Tính Bảng Huawei Matepad Pro | Màn Hình HUAWEI FullView | Chipset Kirin 990 Flagship | HUAWEI Share | Hàng Chính Hãng,14990000,No,No,0,7379016696478,https://tiki.vn/may-tinh-bang-huawei-matepad-pro-man-hinh-huawei-fullview-chipset-kirin-990-flagship-huawei-share-hang-chinh-hang-p90835621.html?src=ss-organic,0,https://salt.tikicdn.com/cache/280x280/ts/product/e8/b3/cd/7751b089cb66fcde65fad5ba786d0c56.jpg,No,,No,No,25
Điện thoại Cố định Panasonic KX-TS880MX - Hàng chính hãng,799000,No,No,3,7861015848987,https://tiki.vn/die-n-thoa-i-co-di-nh-panasonic-kx-ts880mx-hang-chinh-hang-p11418386.html?src=ss-organic,5,https://salt.tikicdn.com/cache/280x280/ts/product/c0/4b/ce/cd9753c56f2e5b7a34c8422cf46175c2.jpg,No,,No,No,16
Điện thoại bàn có dây Panasonic KX-TS560MX - Hàng chính hãng,549000,No,No,5,2179479256107,https://tiki.vn/dien-thoai-ban-co-day-panasonic-kx-ts560mx-hang-chinh-hang-p11376644.html?src=ss-organic,5,https://salt.tikicdn.com/cache/280x280/ts/product/ab/39/4b/35745437c58799a370f47cdef152ed1a.jpg,Yes,,No,No,22
Điện Thoại Xiaomi Redmi Note 10 (6GB/128GB)- Hàng Chính Hãng ,5490000,No,No,0,5677869528331,https://tiki.vn/dien-thoai-xiaomi-redmi-note-10-6gb-128gb-hang-chinh-hang-p84441714.html?src=ss-organic,0,https://salt.tikicdn.com/cache/280x280/ts/product/09/0e/db/4cff84708e2369a11c205deba6ceef05.png,No,,No,No,0
Điện Thoại Samsung Galaxy A52 (8GB/128GB) - ĐÃ KÍCH HOẠT BẢO HÀNH ĐIỆN TỬ - Hàng Chính Hãng,8490000,No,No,0,2837362961659,https://tiki.vn/dien-thoai-samsung-galaxy-a52-8gb-128gb-da-kich-hoat-bao-hanh-dien-tu-hang-chinh-hang-p85005934.html?src=ss-organic,0,https://salt.tikicdn.com/cache/280x280/ts/product/6b/92/ed/56ab8599927a31b2926be96be6e32c4d.jpg,No,,No,No,9
Điện Thoại Vivo S1 Pro (8GB/128GB) - Hàng Chính Hãng,6990000,No,No,4,2269688122758,https://tiki.vn/dien-thoai-vivo-s1-pro-8gb-128gb-hang-chinh-hang-p44147702.html?src=ss-organic,5,https://salt.tikicdn.com/cache/280x280/ts/product/30/65/bc/c53b4d8b84118a9e7391d3801cc9524c.jpg,No,,Yes,No,0
Điện thoại Nokia 6300 4G -Hàng chính hãng- Charcoal,1159000,No,No,0,4991143818576,https://tiki.vn/product-p73526892.html?src=ss-organic,0,https://salt.tikicdn.com/cache/280x280/ts/product/04/b7/c8/733a45edfc5461b344bf26a59e8bb2de.png,No,,No,No,10
Điện thoại bàn không dây Panasonic KX-TGF320 - Hàng Chính Hãng,2075000,No,No,2,9135536939744,https://tiki.vn/dien-thoai-ban-khong-day-panasonic-kx-tgf320-hang-chinh-hang-p11110653.html?src=ss-organic,0,https://salt.tikicdn.com/cache/280x280/ts/product/01/79/d6/756aaaf26ae5b7dd0ed7b9f06120c9b9.jpg,No,,No,No,9
Máy Đọc Sách Kindle Gen 10 (2019) - Hàng Nhập Khẩu - Màu Trắng,2450000,No,Yes,0,6923449402874,https://tiki.vn/may-doc-sach-kindle-gen-10-2019-hang-nhap-khau-mau-trang-p44106461.html?src=ss-organic,0,https://salt.tikicdn.com/ts/upload/f3/74/46/f4c52053d220e94a047410420eaf9faf.png,No,,No,No,21
Điện thoại di động GSM Vtel A2 (Màu đen) - Hàng chính hãng,189000,Yes,No,4,3524240378165,https://tiki.vn/dien-thoai-di-dong-gsm-vtel-a2-mau-den-hang-chinh-hang-p72957781.html?src=ss-organic,0,https://salt.tikicdn.com/cache/280x280/ts/product/67/4d/07/a1dbee9206b3827d0be24072fc325d7e.png,No,,No,No,24
Máy Tính Bảng Kindle Fire 7 (9th) 16GB ( 2019)  Black- Hàng nhập Khẩu,1399000,No,No,21,5762260430106,https://tiki.vn/may-tinh-bang-kindle-fire-7-9th-16gb-2019-black-hang-nhap-khau-p21982057.html?src=ss-organic,4,https://salt.tikicdn.com/cache/280x280/ts/product/d3/08/96/252d93a3bc0de2c3684982233fa61eb8.jpg,No,,No,No,30
Máy Đọc Sách Onyx Boox Note Air - Hàng Chính Hãng,12589000,No,No,3,8369466371973,https://tiki.vn/may-doc-sach-onyx-boox-note-air-hang-chinh-hang-p71895965.html?src=ss-organic,5,https://salt.tikicdn.com/cache/280x280/ts/product/f5/7a/24/93a97796092425fe84171ce9269e8f8b.jpg,No,,No,No,7
Điện Thoại Suntek Vicool V10 Kiêm Tai Nghe Bluetooth - Hàng Chính Hãng,790000,No,No,1,2862905348988,https://tiki.vn/dien-thoai-suntek-vicool-v10-kiem-tai-nghe-bluetooth-hang-chinh-hang-p14566322.html?src=ss-organic,0,https://salt.tikicdn.com/cache/280x280/ts/product/c1/2c/52/22f78f50bdb954142e2f89d3738f97fc.jpg,No,,No,No,21
Điện thoại không dây Panasonic KX-TGC212 - Hàng Chính Hãng,1270000,No,Yes,3,6563754903538,https://tiki.vn/dien-thoai-khong-day-panasonic-kx-tgc212-hang-chinh-hang-p21465183.html?src=ss-organic,0,https://salt.tikicdn.com/ts/upload/f3/74/46/f4c52053d220e94a047410420eaf9faf.png,Yes,,No,No,29
Máy Đọc Sách Onyx Boox Viking - Hàng Chính Hãng,3288888,No,Yes,0,1559148453203,https://tiki.vn/may-doc-sach-onyx-boox-viking-hang-chinh-hang-p71896577.html?src=ss-organic,0,https://salt.tikicdn.com/ts/upload/f3/74/46/f4c52053d220e94a047410420eaf9faf.png,No,,No,No,8
Máy Đọc Sách Likebook P6 - Hàng chính hãng,3000000,No,Yes,0,9561841548979,https://tiki.vn/may-doc-sach-likebook-p6-hang-chinh-hang-p91159173.html?src=ss-organic,0,https://salt.tikicdn.com/ts/upload/f3/74/46/f4c52053d220e94a047410420eaf9faf.png,No,,Yes,No,14
Điện Thoại Suntek A1 4GB - Hàng Chính Hãng,3290000,No,No,0,7292525071129,https://tiki.vn/dien-thoai-suntek-a1-4gb-hang-chinh-hang-p14568998.html?spid=14687816&src=ss-organic,0,https://salt.tikicdn.com/cache/280x280/ts/product/45/9e/58/540f5741e2557eb9ac37f49b1a065b9a.jpg,No,,Yes,No,23
Điện Thoại Di Động Forme Gorilla  - Hàng Chính Hãng,299000,No,No,8,1630356159351,https://tiki.vn/dien-thoai-di-dong-forme-gorilla-hang-chinh-hang-p8820501.html?spid=9729320&src=ss-organic,0,https://salt.tikicdn.com/cache/280x280/ts/product/1a/48/6c/37d360cad12ba127fa1eab2d9b863fd9.jpg,No,,No,No,17
Điện Thoại Bàn Panasonic KX-TS500MX - Panasonic KX-TS500MX Integrated Telephone System - Hàng chính hãng,260000,Yes,No,1,7252997665561,https://tiki.vn/dien-thoai-ban-panasonic-kx-ts500mx-panasonic-kx-ts500mx-integrated-telephone-system-hang-chinh-hang-p31820638.html?src=ss-organic,0,https://salt.tikicdn.com/cache/280x280/ts/product/36/a6/94/1d748172cc335a9ceb64b7fdd89ba395.jpg,No,,No,No,40
Điện thoại để bàn không dây Panasonic KX-TGK210 - Hàng Chính Hãng,898900,Yes,No,1,5808420796313,https://tiki.vn/dien-thoai-de-ban-khong-day-panasonic-kx-tgk210-hang-chinh-hang-p12275398.html?src=ss-organic,0,https://salt.tikicdn.com/cache/280x280/ts/product/1c/5c/c7/bc99f006e7a043f22a41c0f89cd4a948.jpg,Yes,,No,No,38
Máy tính bảng VANKYO MatrixPad S8 - Hàng Chính Hãng,2190000,No,No,0,3983011520422,https://tiki.vn/may-tinh-bang-vankyo-matrixpad-s8-hang-chinh-hang-p72042703.html?src=ss-organic,0,https://salt.tikicdn.com/cache/280x280/ts/product/23/29/ba/c3dc2dc37744e5fb366c5c1daa5f346a.png,No,,No,No,45
Điện Thoại Masstel IZI 125 - Hàng Chính Hãng,219000,No,No,0,5773085320350,https://tiki.vn/dien-thoai-masstel-izi-125-hang-chinh-hang-p73247867.html?src=ss-organic,0,https://salt.tikicdn.com/cache/280x280/ts/product/a4/a7/af/ca209546be778f960247b4ce98448c4a.png,No,,No,No,12
Điện Thoại Bavapen B52 - Hàng Chính Hãng,430000,No,Yes,2,9930491713022,https://tiki.vn/dien-thoai-bavapen-b52-hang-chinh-hang-p17751071.html?src=ss-organic,0,https://salt.tikicdn.com/ts/upload/f3/74/46/f4c52053d220e94a047410420eaf9faf.png,Yes,,No,No,38
Máy đọc sách Kindle Paperwhite gen 4 (10th) - Hàng nhập khẩu,2988000,No,No,1,6439783899539,https://tiki.vn/may-doc-sach-kindle-paperwhite-gen-4-10th-hang-nhap-khau-p71969220.html?src=ss-organic,0,https://salt.tikicdn.com/cache/280x280/ts/product/1a/cd/2e/bcb9cc5cbb391bb41b376896afb24fbf.JPG,No,,No,No,17
Điện Thoại Cố Định Panasonic KX-TS580MX - Hàng chính hãng,720000,No,No,2,8572504784721,https://tiki.vn/dien-thoai-co-dinh-panasonic-kx-ts580mx-hang-chinh-hang-p11415485.html?src=ss-organic,0,https://salt.tikicdn.com/cache/280x280/ts/product/af/54/58/7d7533b202de2b84d6595027e2d62f81.jpg,Yes,,No,No,4
Máy Đọc Sách Kindle Paperwhite 2018 (7th) - 4Gb - Refurbished - Hàng nhập khẩu,2379000,No,No,0,8727661055218,https://tiki.vn/may-doc-sach-kindle-paperwhite-2018-7th-4gb-refurbished-hang-nhap-khau-p67216147.html?src=ss-organic,0,https://salt.tikicdn.com/cache/280x280/ts/product/2d/7d/30/cdf1ccb7bc52244de533816758653f70.png,No,,No,No,20
Máy đọc sách Kobo Clara HD - 8GB màu đen - màn hình 6 inch - có đèn cam- Hàng Nhập Khẩu,3245000,No,No,0,9013894071161,https://tiki.vn/may-doc-sach-kobo-clara-hd-8gb-mau-den-man-hinh-6-inch-co-den-cam-hang-nhap-khau-p72038887.html?src=ss-organic,0,https://salt.tikicdn.com/cache/280x280/ts/product/c4/30/bc/21a7e6099fe20f600198c288ccf3bc44.jpg,No,,No,No,35
"Điện thoại Forme M3, màn hình 2.4inch, pin 2700mAh - Hàng chính hãng",320000,No,No,6,8992462298755,https://tiki.vn/dien-thoai-forme-m3-man-hinh-2-4inch-pin-2700mah-hang-chinh-hang-p47993877.html?src=ss-organic,0,https://salt.tikicdn.com/cache/280x280/ts/product/13/96/d7/20f271e136864949efb09e897f80da8d.jpg,No,,No,No,14
"Điện thoại Oukitel WP5 Pro (Ram4GB,Rom 64Gb,pin 8.000mAh ,chống va đập,chống nước) - hàng chính hãng",3990000,No,Yes,1,7852204845627,https://tiki.vn/dien-thoai-oukitel-wp5-pro-ram4gb-rom-64gb-pin-8-000mah-chong-va-dap-chong-nuoc-hang-chinh-hang-p65492829.html?spid=65492830&src=ss-organic,0,https://salt.tikicdn.com/ts/upload/f3/74/46/f4c52053d220e94a047410420eaf9faf.png,No,,No,No,11
Điện Thoại Mobell M318- Hàng Chính Hãng,350000,No,No,0,8144253317163,https://tiki.vn/dien-thoai-mobell-m318-hang-chinh-hang-p13858108.html?src=ss-organic,0,https://salt.tikicdn.com/cache/280x280/ts/product/4b/47/be/0da34a03f22e6ea1a562f3155d7b8c17.jpg,No,,No,No,0
Máy đọc sách All-new Kindle Kids Edition - Hàng nhập khẩu,2650000,No,No,0,7072216741223,https://tiki.vn/may-doc-sach-all-new-kindle-kids-edition-hang-nhap-khau-p67081292.html?src=ss-organic,0,https://salt.tikicdn.com/cache/280x280/ts/product/51/26/9b/2880b4b2688a2c263e576b0b81f81e09.jpg,No,,No,No,26
Điện thoại cho người già Masstel Fami S2 Xanh dương (Hàng chính hãng),439000,No,No,2,1444496048525,https://tiki.vn/dien-thoai-cho-nguoi-gia-masstel-fami-s2-xanh-duong-hang-chinh-hang-p19913805.html?src=ss-organic,0,https://salt.tikicdn.com/cache/280x280/ts/product/f3/df/21/af9a285cf4209cad106a40713609f31b.jpg,No,,No,No,20
Điện Thoại Bàn Panasonic KX-TGB110 (Đen) - Hàng Chính Hãng,759000,No,No,5,3095690172356,https://tiki.vn/dien-thoai-ban-panasonic-kx-tgb110-den-hang-chinh-hang-p4048605.html?src=ss-organic,0,https://salt.tikicdn.com/cache/280x280/ts/product/28/d0/4f/f307b473d3b46f9f03efc8062d11713c.jpg,No,,No,No,0
